ID,Name,Slug,Component,Category,Subcategory
1,"GPA/CGPA Calculator","gpa-calculator","Gpa","student-tools","academic-grades-gpa"
2,"Percentage Calculator","percentage-calculator","Percentage","student-tools","academic-grades-gpa"
3,"JSON Formatter","json-formatter","Json","developer-tools","code-formatting-transform"
4,"Base64 Encoder/Decoder","base64-encoder-decoder","B64","developer-tools","encoding-hashing-security"
5,"Leave Calculator","leave-calculator","Leave","office-tools","office-checklists-management"
6,"UTM Builder","utm-builder","Utm","marketing-tools","campaign-tracking-advertising"
7,"Pomodoro Timer","pomodoro-timer","Pomodoro","productivity-tools","time-focus-management"
8,"Discount Calculator","discount-calculator","Discount","shopping-tools","discounts-savings-calculators"
9,"Password Generator","password-generator","Password","security-tools","password-credential-generators"
10,"Hash Generator","hash-generator","Hash","security-tools","cryptographic-hashing-ciphers"
11,"Grade Calculator","grade-calculator","Grade","student-tools","academic-grades-gpa"
12,"Attendance Calculator","attendance-calculator","Attendance","student-tools","academic-grades-gpa"
13,"Study Planner","study-planner","Study","student-tools","study-learning-management"
14,"Exam Countdown","exam-countdown","Exam","student-tools","classroom-attendance-planning"
15,"Timetable Generator","timetable-generator","Timetable","student-tools","classroom-attendance-planning"
16,"Citation Generator","citation-generator","Citation","student-tools","assignments-writing-prep"
17,"Assignment Planner","assignment-planner","Assignment","student-tools","classroom-attendance-planning"
18,"Flashcard Maker","flashcard-maker","Flash","student-tools","study-learning-management"
19,"JSON Validator","json-validator","JsonVal","developer-tools","code-formatting-transform"
20,"Code Formatter","code-formatter","Fmt","developer-tools","web-frontend-styling"
21,"Regex Tester","regex-tester","Regex","developer-tools","regex-text-developer-tools"
22,"URL Encoder/Decoder","url-encoder-decoder","Url","developer-tools","encoding-hashing-security"
23,"HTML/CSS/JS Minifier","minifier","Minify","developer-tools","web-frontend-styling"
24,"Color Converter","color-converter","Color","developer-tools","web-frontend-styling"
25,"QR Code Generator","qr-code-generator","Qr","developer-tools","web-frontend-styling"
26,"Timestamp Converter","timestamp-converter","Ts","developer-tools","network-api-data-inspection"
27,"Invoice Generator","invoice-generator","Invoice","office-tools","business-communications-forms"
28,"Meeting Agenda Maker","meeting-agenda-maker","Agenda","office-tools","meeting-productivity-tools"
29,"Meeting Minutes Generator","meeting-minutes-generator","Minutes","office-tools","meeting-productivity-tools"
30,"Task Manager","task-manager","TaskMgr","office-tools","business-communications-forms"
31,"Business Letter Generator","business-letter-generator","Letter","office-tools","business-communications-forms"
32,"Standard Corporate Email Signature Maker","email-signature-generator","Signature","office-tools","business-communications-forms"
33,"Timesheet Calculator","timesheet-calculator","Timesheet","office-tools","workplace-compensation-payroll"
34,"Expense Report Generator","expense-report-generator","Expense","office-tools","workplace-compensation-payroll"
35,"Document Checklist","document-checklist","DocList","office-tools","office-checklists-management"
36,"Keyword Generator","keyword-generator","Keywords","marketing-tools","seo-content-optimization"
37,"Meta Tag Generator","meta-tag-generator","Meta","marketing-tools","seo-content-optimization"
38,"Hashtag Generator","hashtag-generator","Hashtag","marketing-tools","branding-social-marketing"
39,"Social Media Caption Generator","social-media-caption-generator","Caption","marketing-tools","branding-social-marketing"
40,"SEO Title Generator","seo-title-generator","SeoTitle","marketing-tools","seo-content-optimization"
41,"SEO Description Generator","seo-description-generator","SeoDesc","marketing-tools","seo-content-optimization"
42,"Content Calendar","content-calendar","Calendar","marketing-tools","branding-social-marketing"
43,"SERP Preview","serp-preview","Serp","marketing-tools","seo-content-optimization"
44,"Marketing ROI Calculator","marketing-roi-calculator","Roi","marketing-tools","campaign-tracking-advertising"
45,"Habit Tracker","habit-tracker","Habit","productivity-tools","planning-goal-tracking"
46,"To-Do List","to-do-list","Todo","productivity-tools","planning-goal-tracking"
47,"Daily Planner","daily-planner","DailyPlan","productivity-tools","planning-goal-tracking"
48,"Weekly Planner","weekly-planner","WeeklyPlan","productivity-tools","planning-goal-tracking"
49,"Time Zone Converter","time-zone-converter","TzConv","productivity-tools","time-focus-management"
50,"World Clock","world-clock","WorldClock","productivity-tools","time-focus-management"
51,"Countdown Timer","countdown-timer","Countdown","productivity-tools","time-focus-management"
52,"Random Decision Maker","random-decision-maker","Decision","productivity-tools","workflow-randomizers-utilities"
53,"Quick Random Number Drawer","random-number-generator","RandNum","productivity-tools","workflow-randomizers-utilities"
54,"Shopping List Maker","shopping-list-maker","ShopList","shopping-tools","budgeting-shopping-planners"
55,"Price Comparison Calculator","price-comparison-calculator","PriceCmp","shopping-tools","discounts-savings-calculators"
56,"Sales Tax Calculator","sales-tax-calculator","SalesTax","shopping-tools","discounts-savings-calculators"
57,"Tip Calculator","tip-calculator","Tip","shopping-tools","tax-fees-shipping-costs"
58,"Split Bill Calculator","split-bill-calculator","SplitBill","shopping-tools","tax-fees-shipping-costs"
59,"Unit Price Calculator","unit-price-calculator","UnitPrice","shopping-tools","budgeting-shopping-planners"
60,"Shopping Budget Calculator","shopping-budget-calculator","ShopBudget","shopping-tools","budgeting-shopping-planners"
61,"Gift Budget Planner","gift-budget-planner","GiftBudget","shopping-tools","budgeting-shopping-planners"
62,"Grocery Budget Planner","grocery-budget-planner","GroceryBudget","shopping-tools","budgeting-shopping-planners"
63,"Mortgage & EMI Calculator","mortgage-emi-calculator","MortgageEmi","finance-tools","loan-debt"
64,"Loan Payoff & Extra Payment Calculator","loan-payoff-calculator","LoanPayoff","finance-tools","loan-debt"
65,"Compound Interest Calculator","compound-interest-calculator","CompoundInterest","finance-tools","investment-savings"
66,"SIP & Mutual Fund Returns Calculator","sip-calculator","SipCalc","finance-tools","investment-savings"
67,"BMR & TDEE Calculator","bmr-tdee-calculator","BmrTdee","fitness-tools","body-energy"
68,"Macro Nutrient Calculator","macro-calculator","MacroCalc","fitness-tools","body-energy"
69,"One-Rep Max (1RM) Calculator","one-rep-max-calculator","OneRepMax","fitness-tools","workout-performance"
70,"Pace & Race Time Calculator","pace-calculator","PaceCalc","fitness-tools","workout-performance"
71,"Modular Type Scale Generator","type-scale-generator","TypeScale","design-tools","typography-layout"
72,"Aspect Ratio Calculator","aspect-ratio-calculator","AspectRatio","design-tools","typography-layout"
73,"UI Elevation & Box Shadow Designer","box-shadow-generator","BoxShadow","design-tools","css-graphics"
74,"Visual Gradient Designer","gradient-generator","GradientGen","design-tools","css-graphics"
75,"Universal Unit Converter","universal-unit-converter","UnitConv","math-unit-tools","unit-converters"
76,"Data Storage & Speed Converter","data-storage-converter","DataConv","math-unit-tools","unit-converters"
77,"2D & 3D Geometry Calculator","geometry-calculator","GeometryCalc","math-unit-tools","geometry-statistics"
78,"Statistics & Variance Calculator","statistics-calculator","StatsCalc","math-unit-tools","geometry-statistics"
79,"Travel Packing List Generator","travel-packing-list-generator","PackingList","lifestyle-travel-tools","trip-travel"
80,"Fuel & Road Trip Calculator","fuel-cost-calculator","FuelCost","lifestyle-travel-tools","trip-travel"
81,"Speech & Reading Time Calculator","speech-reading-time-calculator","SpeechTiming","lifestyle-travel-tools","everyday-utilities"
82,"Water Intake & Hydration Calculator","water-intake-calculator","WaterIntake","lifestyle-travel-tools","everyday-utilities"
83,"Message Length Analyzer","message-length-analyzer","MsgLen","communication-tools","message-utilities"
84,"Message Formatting Helper","message-formatting-helper","MsgFmt","communication-tools","message-utilities"
85,"Conversation Topic Generator","conversation-topic-generator","TopicGen","communication-tools","communication-planning"
86,"One-on-One Meeting Prep Planner","one-on-one-prep-planner","OneOnOnePrep","communication-tools","communication-planning"
87,"Audio Duration Calculator","audio-duration-calculator","AudioDur","audio-sound-tools","audio-utilities"
88,"Audio File Size Estimator","audio-file-size-estimator","AudioSize","audio-sound-tools","audio-utilities"
89,"Decibel Level Reference Tool","decibel-reference-tool","DecibelRef","audio-sound-tools","sound-analysis"
90,"Frequency Converter","frequency-converter","FreqConv","audio-sound-tools","sound-analysis"
91,"BPM Converter","bpm-converter","BpmConv","music-tools","music-theory"
92,"Music Note Frequency Calculator","music-note-frequency-calculator","NoteFreq","music-tools","music-theory"
93,"Chord Progression Generator","chord-progression-generator","ChordProg","music-tools","practice-composition"
94,"Web Metronome","metronome","Metronome","music-tools","practice-composition"
95,"Pet Feeding Schedule Generator","pet-feeding-schedule","PetFeed","pet-care-tools","pet-planning"
96,"Pet Expense Tracker","pet-expense-tracker","PetExp","pet-care-tools","pet-planning"
97,"Pet Age Converter","pet-age-converter","PetAge","pet-care-tools","pet-information"
98,"Pet Medication Schedule Planner","pet-medication-schedule","PetMed","pet-care-tools","pet-information"
99,"Car Depreciation Calculator","car-depreciation-calculator","CarDeprec","automotive-tools","vehicle-costs"
100,"Car Ownership Cost Calculator","car-ownership-cost-calculator","CarOwnerCost","automotive-tools","vehicle-costs"
101,"Tire Size Comparison Tool","tire-size-comparison","TireCmp","automotive-tools","vehicle-planning"
102,"Vehicle Maintenance Cost Planner","vehicle-maintenance-planner","MaintPlan","automotive-tools","vehicle-planning"
103,"Contrast Ratio Checker","contrast-ratio-checker","ContrastCheck","accessibility-tools","visual-accessibility"
104,"Color Blindness Simulator","color-blindness-simulator","ColorBlindSim","accessibility-tools","visual-accessibility"
105,"Font Size Accessibility Checker","font-size-accessibility-checker","FontA11yCheck","accessibility-tools","text-accessibility"
106,"Line Spacing Calculator","line-spacing-calculator","LineSpacingCalc","accessibility-tools","text-accessibility"
107,"Ohm's Law Calculator","ohms-law-calculator","OhmsLaw","science-measurement-tools","physics-utilities"
108,"Force & Acceleration Calculator","force-calculator","ForceCalc","science-measurement-tools","physics-utilities"
109,"Scientific Notation Converter","scientific-notation-converter","SciNotation","science-measurement-tools","scientific-measurement"
110,"Significant Figures Calculator","significant-figures-calculator","SigFigs","science-measurement-tools","scientific-measurement"
111,"Light-Year Distance Converter","light-year-converter","LightYearConv","astronomy-space-tools","space-calculators"
112,"Weight on Other Planets Calculator","weight-on-planets-calculator","WeightPlanets","astronomy-space-tools","space-calculators"
113,"Moon Phase Calculator","moon-phase-calculator","MoonPhase","astronomy-space-tools","astronomy-utilities"
114,"Planetary Size & Scale Comparison Tool","planetary-size-comparison","PlanetSize","astronomy-space-tools","astronomy-utilities"
115,"Password Strength Analyzer","password-strength-analyzer","PassStrength","privacy-safety-tools","privacy-utilities"
116,"Personal Data Exposure Checklist","personal-data-exposure-checklist","DataExpCheck","privacy-safety-tools","privacy-utilities"
117,"Privacy Settings Checklist","privacy-settings-checklist","PrivSettingsCheck","privacy-safety-tools","digital-safety"
118,"Secure File Sharing Checklist","secure-file-sharing-checklist","FileShareCheck","privacy-safety-tools","digital-safety"
119,"Latitude Longitude Converter","latitude-longitude-converter","LatLngConv","geography-maps-tools","geographic-calculations"
120,"Coordinate Distance Calculator","coordinate-distance-calculator","CoordDist","geography-maps-tools","geographic-calculations"
121,"Daylight Hours & Solar Time Calculator","daylight-solar-calculator","DaylightSolar","geography-maps-tools","location-planning"
122,"Country Area Comparison Tool","country-area-comparison","CountryArea","geography-maps-tools","location-planning"
123,"Word Counter & Text Statistics","word-counter-text-stats","WordCounter","student-tools","assignments-writing-prep"
124,"Academic Essay 5-Paragraph Outline Planner","essay-outline-generator","EssayOutlineGenerator","student-tools","assignments-writing-prep"
125,"UUID Generator","uuid-generator","UuidGenerator","developer-tools","data-generators-mocks"
126,"Cron Expression Explainer","cron-expression-explainer","CronExpressionExplainer","developer-tools","network-api-data-inspection"
127,"CSS Unit Converter","css-unit-converter","CssUnitConverter","developer-tools","web-frontend-styling"
128,"Lorem Ipsum Generator","lorem-ipsum-generator","LoremIpsumGenerator","developer-tools","regex-text-developer-tools"
129,"HTTP Status Code & Header Debugger","http-status-code-lookup","HttpStatusLookup","developer-tools","network-api-data-inspection"
130,"Out-of-Office Message Generator","out-of-office-message-generator","OutOfOfficeGenerator","office-tools","business-communications-forms"
131,"Salary Breakdown Calculator","salary-breakdown-calculator","SalaryBreakdownCalculator","office-tools","workplace-compensation-payroll"
132,"Meeting Cost Calculator","meeting-cost-calculator","MeetingCostCalculator","office-tools","workplace-compensation-payroll"
133,"Employee Onboarding Checklist","onboarding-checklist","OnboardingChecklist","office-tools","office-checklists-management"
134,"Social Media Character Counter","social-media-character-counter","SocialCharacterCounter","marketing-tools","branding-social-marketing"
135,"Ad Budget & CPC/CPM Estimator","ad-budget-estimator","AdBudgetEstimator","marketing-tools","campaign-tracking-advertising"
136,"Eisenhower Matrix Task Sorter","eisenhower-matrix","EisenhowerMatrix","productivity-tools","planning-goal-tracking"
137,"Goal & Milestone Tracker","goal-milestone-tracker","GoalMilestoneTracker","productivity-tools","planning-goal-tracking"
138,"Subscription Cost Tracker","subscription-cost-tracker","SubscriptionCostTracker","shopping-tools","budgeting-shopping-planners"
139,"Cost-Per-Use Calculator","cost-per-use-calculator","CostPerUseCalculator","shopping-tools","budgeting-shopping-planners"
140,"Passphrase Generator","passphrase-generator","PassphraseGenerator","security-tools","password-credential-generators"
141,"Random PIN Generator","pin-generator","PinGenerator","security-tools","password-credential-generators"
142,"Debt Payoff Strategy Planner","debt-payoff-strategy-planner","DebtPayoffStrategyPlanner","finance-tools","loan-debt"
143,"Retirement Savings Goal Calculator","retirement-savings-calculator","RetirementSavingsCalculator","finance-tools","investment-savings"
144,"Calorie Burn Estimator","calorie-burn-estimator","CalorieBurnEstimator","fitness-tools","body-energy"
145,"Target Heart Rate Zone Calculator","heart-rate-zone-calculator","HeartRateZoneCalculator","fitness-tools","workout-performance"
146,"Color Palette Generator","color-palette-generator","ColorPaletteGenerator","design-tools","css-graphics"
147,"CSS Border Radius Generator","border-radius-generator","BorderRadiusGenerator","design-tools","css-graphics"
148,"Cooking Measurement Converter","cooking-measurement-converter","CookingMeasurementConverter","math-unit-tools","unit-converters"
149,"Sleep Cycle Calculator","sleep-cycle-calculator","SleepCycleCalculator","lifestyle-travel-tools","everyday-utilities"
150,"Message Tone Checker","message-tone-checker","MessageToneChecker","communication-tools","message-utilities"
151,"Readability Score Checker","readability-score-checker","ReadabilityScoreChecker","accessibility-tools","text-accessibility"
152,"Orbital Period Calculator","orbital-period-calculator","OrbitalPeriodCalculator","astronomy-space-tools","space-calculators"
153,"Plant Watering Schedule Calculator","watering-schedule-calculator","WateringScheduleCalculator","gardening-tools","plant-care"
154,"Soil pH Adjustment Calculator","soil-ph-adjustment-calculator","SoilPhAdjustmentCalculator","gardening-tools","plant-care"
155,"Seed Starting Date Calculator","seed-starting-date-calculator","SeedStartingDateCalculator","gardening-tools","garden-planning"
156,"Garden Bed Layout Planner","garden-bed-layout-planner","GardenBedLayoutPlanner","gardening-tools","garden-planning"
157,"Exposure Triangle Calculator","exposure-triangle-calculator","ExposureTriangleCalculator","photography-tools","camera-settings"
158,"Depth of Field Calculator","depth-of-field-calculator","DepthOfFieldCalculator","photography-tools","camera-settings"
159,"Golden Hour Calculator","golden-hour-calculator","GoldenHourCalculator","photography-tools","photo-planning"
160,"Photo Print Size Calculator","photo-print-size-calculator","PhotoPrintSizeCalculator","photography-tools","photo-planning"
161,"Paint Coverage Calculator","paint-coverage-calculator","PaintCoverageCalculator","home-maintenance-tools","home-projects"
162,"Wallpaper Calculator","wallpaper-calculator","WallpaperCalculator","home-maintenance-tools","home-projects"
163,"HVAC Filter Replacement Reminder","hvac-filter-reminder","HvacFilterReminder","home-maintenance-tools","maintenance-schedules"
164,"Home Maintenance Checklist Generator","maintenance-checklist-generator","MaintenanceChecklistGenerator","home-maintenance-tools","maintenance-schedules"
165,"Resistor Color Code Calculator","resistor-color-code-calculator","ResistorColorCodeCalculator","electronics-tools","circuit-calculators"
166,"Voltage Divider Calculator","voltage-divider-calculator","VoltageDividerCalculator","electronics-tools","circuit-calculators"
167,"Battery Life Estimator","battery-life-estimator","BatteryLifeEstimator","electronics-tools","battery-power"
168,"Wire Gauge Calculator","wire-gauge-calculator","WireGaugeCalculator","electronics-tools","battery-power"
169,"Baby Feeding Schedule Tracker","baby-feeding-schedule-tracker","BabyFeedingScheduleTracker","parenting-tools","baby-planning"
170,"Due Date Calculator","due-date-calculator","DueDateCalculator","parenting-tools","baby-planning"
171,"Child Growth Rate Tracker","child-growth-rate-tracker","ChildGrowthRateTracker","parenting-tools","child-development"
172,"Screen Time Tracker","screen-time-tracker","ScreenTimeTracker","parenting-tools","child-development"
173,"Party Budget Planner","party-budget-planner","PartyBudgetPlanner","events-tools","party-planning"
174,"Catering Quantity Calculator","catering-quantity-calculator","CateringQuantityCalculator","events-tools","party-planning"
175,"RSVP Tracker","rsvp-tracker","RsvpTracker","events-tools","guest-management"
176,"Seating Chart Planner","seating-chart-planner","SeatingChartPlanner","events-tools","guest-management"
177,"Fabric Yardage Calculator","fabric-yardage-calculator","FabricYardageCalculator","sewing-crafts-tools","fabric-measurement"
178,"Seam Allowance Calculator","seam-allowance-calculator","SeamAllowanceCalculator","sewing-crafts-tools","fabric-measurement"
179,"Yarn Requirement Estimator","yarn-requirement-estimator","YarnRequirementEstimator","sewing-crafts-tools","craft-planning"
180,"Craft Project Cost Calculator","craft-project-cost-calculator","CraftProjectCostCalculator","sewing-crafts-tools","craft-planning"
181,"Shooting Percentage Tracker","shooting-percentage-tracker","ShootingPercentageTracker","sports-tools","performance-tracking"
182,"Team Roster Rotation Planner","team-roster-rotation-planner","TeamRosterRotationPlanner","sports-tools","performance-tracking"
183,"Tournament Bracket Generator","tournament-bracket-generator","TournamentBracketGenerator","sports-tools","game-planning"
184,"Fantasy League Points Calculator","fantasy-points-calculator","FantasyPointsCalculator","sports-tools","game-planning"
185,"Wind Chill Calculator","wind-chill-calculator","WindChillCalculator","weather-tools","weather-planning"
186,"Heat Index Calculator","heat-index-calculator","HeatIndexCalculator","weather-tools","weather-planning"
187,"Dew Point Calculator","dew-point-calculator","DewPointCalculator","weather-tools","climate-utilities"
188,"Rainfall Collection Calculator","rainfall-collection-calculator","RainfallCollectionCalculator","weather-tools","climate-utilities"
189,"Concrete Volume Calculator","concrete-volume-calculator","ConcreteVolumeCalculator","construction-tools","material-estimation"
190,"Lumber Board Feet Calculator","lumber-board-feet-calculator","LumberBoardFeetCalculator","construction-tools","material-estimation"
191,"Roofing Square Calculator","roofing-square-calculator","RoofingSquareCalculator","construction-tools","project-calculations"
192,"Drywall Sheet Calculator","drywall-sheet-calculator","DrywallSheetCalculator","construction-tools","project-calculations"
193,"Furniture Layout Space Planner","furniture-layout-space-planner","FurnitureLayoutSpacePlanner","interior-design-tools","room-planning"
194,"Flooring Square Footage Calculator","flooring-square-footage-calculator","FlooringSquareFootageCalculator","interior-design-tools","room-planning"
195,"Rug Size Calculator","rug-size-calculator","RugSizeCalculator","interior-design-tools","furniture-fitting"
196,"Curtain Fabric Calculator","curtain-fabric-calculator","CurtainFabricCalculator","interior-design-tools","furniture-fitting"
197,"Break-Even Point Calculator","break-even-point-calculator","BreakEvenPointCalculator","business-tools","pricing-costing"
198,"Profit Margin Calculator","profit-margin-calculator","ProfitMarginCalculator","business-tools","pricing-costing"
199,"Inventory Reorder Point Calculator","inventory-reorder-point-calculator","InventoryReorderPointCalculator","business-tools","operations-planning"
200,"Staff Scheduling Coverage Calculator","staff-scheduling-coverage-calculator","StaffSchedulingCoverageCalculator","business-tools","operations-planning"
201,"Closet Decluttering Planner","closet-decluttering-planner","ClosetDeclutteringPlanner","organization-tools","home-organization"
202,"Moving Box Inventory Tracker","moving-box-inventory-tracker","MovingBoxInventoryTracker","organization-tools","home-organization"
203,"File Naming Convention Generator","file-naming-convention-generator","FileNamingConventionGenerator","organization-tools","digital-organization"
204,"Digital Photo Organization Planner","digital-photo-organization-planner","DigitalPhotoOrganizationPlanner","organization-tools","digital-organization"
205,"Cleaning Schedule Rotator","cleaning-schedule-rotator","CleaningScheduleRotator","household-tools","cleaning-schedules"
206,"Laundry Load Size Estimator","laundry-load-size-estimator","LaundryLoadSizeEstimator","household-tools","cleaning-schedules"
207,"Home Inventory Value Tracker","home-inventory-value-tracker","HomeInventoryValueTracker","household-tools","home-inventory"
208,"Pantry Stock Tracker","pantry-stock-tracker","PantryStockTracker","household-tools","home-inventory"
209,"Vocabulary Growth Tracker","vocabulary-growth-tracker","VocabularyGrowthTracker","language-tools","vocabulary-building"
210,"Flashcard Review Interval Calculator","flashcard-review-interval-calculator","FlashcardReviewIntervalCalculator","language-tools","vocabulary-building"
211,"Language Study Streak Tracker","language-study-streak-tracker","LanguageStudyStreakTracker","language-tools","study-tracking"
212,"Immersion Hours Calculator","immersion-hours-calculator","ImmersionHoursCalculator","language-tools","study-tracking"
213,"Camping Food Quantity Calculator","camping-food-quantity-calculator","CampingFoodQuantityCalculator","outdoor-tools","trip-prep"
214,"Tent Capacity Checker","tent-capacity-checker","TentCapacityChecker","outdoor-tools","trip-prep"
215,"Backpack Weight Calculator","backpack-weight-calculator","BackpackWeightCalculator","outdoor-tools","gear-planning"
216,"Campfire Wood Calculator","campfire-wood-calculator","CampfireWoodCalculator","outdoor-tools","gear-planning"
217,"Cap Rate Calculator","cap-rate-calculator","CapRateCalculator","real-estate-tools","rental-cashflow-landlord"
218,"Cash-on-Cash Return Calculator","cash-on-cash-return-calculator","CashOnCashReturnCalculator","real-estate-tools","rental-cashflow-landlord"
219,"Rent vs Buy Comparison Tool","rent-vs-buy-comparison-tool","RentVsBuyComparisonTool","real-estate-tools","mortgage-financing-equity"
220,"Rental Property Cash Flow Calculator","rental-property-cash-flow-calculator","RentalPropertyCashFlowCalculator","real-estate-tools","rental-cashflow-landlord"
221,"Property Appreciation Estimator","property-appreciation-estimator","PropertyAppreciationEstimator","real-estate-tools","property-valuation-roi"
222,"Rent Increase Calculator","rent-increase-calculator","RentIncreaseCalculator","real-estate-tools","rental-cashflow-landlord"
223,"Security Deposit Calculator","security-deposit-calculator","SecurityDepositCalculator","real-estate-tools","rental-cashflow-landlord"
224,"Landlord Late Fee Calculator","landlord-late-fee-calculator","LandlordLateFeeCalculator","real-estate-tools","rental-cashflow-landlord"
225,"Vacancy Rate Calculator","vacancy-rate-calculator","VacancyRateCalculator","real-estate-tools","rental-cashflow-landlord"
226,"1% Rule Property Screener","one-percent-rule-property-screener","OnePercentRulePropertyScreener","real-estate-tools","rental-cashflow-landlord"
227,"Closing Cost Estimator","closing-cost-estimator","ClosingCostEstimator","real-estate-tools","mortgage-financing-equity"
228,"Home Equity Calculator","home-equity-calculator","HomeEquityCalculator","real-estate-tools","mortgage-financing-equity"
229,"Life Insurance Needs Calculator","life-insurance-needs-calculator","LifeInsuranceNeedsCalculator","insurance-tools","life-health-disability-needs"
230,"Insurance Coverage Gap Calculator","insurance-coverage-gap-calculator","InsuranceCoverageGapCalculator","insurance-tools","deductibles-costs-planning"
231,"Health Insurance Deductible Tracker","health-insurance-deductible-tracker","HealthInsuranceDeductibleTracker","insurance-tools","life-health-disability-needs"
232,"Insurance Deductible vs Premium Tradeoff Calculator","deductible-premium-tradeoff-calculator","DeductiblePremiumTradeoffCalculator","insurance-tools","deductibles-costs-planning"
233,"Renters Insurance Coverage Estimator","renters-insurance-coverage-estimator","RentersInsuranceCoverageEstimator","insurance-tools","property-auto-coverage"
234,"Umbrella Policy Coverage Calculator","umbrella-policy-coverage-calculator","UmbrellaPolicyCoverageCalculator","insurance-tools","deductibles-costs-planning"
235,"Insurance Claim Documentation Checklist","insurance-claim-documentation-checklist","InsuranceClaimDocumentationChecklist","insurance-tools","life-health-disability-needs"
236,"Term vs Whole Life Insurance Comparison","term-vs-whole-life-comparison","TermVsWholeLifeComparison","insurance-tools","life-health-disability-needs"
237,"HSA Contribution Calculator","hsa-contribution-calculator","HsaContributionCalculator","insurance-tools","life-health-disability-needs"
238,"Insurance Premium Payment Frequency Calculator","premium-payment-frequency-calculator","PremiumPaymentFrequencyCalculator","insurance-tools","deductibles-costs-planning"
239,"Out-of-Pocket Maximum Tracker","out-of-pocket-maximum-tracker","OutOfPocketMaximumTracker","insurance-tools","life-health-disability-needs"
240,"Insurance Policy Renewal Reminder","insurance-policy-renewal-reminder","InsurancePolicyRenewalReminder","insurance-tools","deductibles-costs-planning"
241,"Social Security Benefit Estimator","social-security-benefit-estimator","SocialSecurityBenefitEstimator","retirement-planning-tools","social-security-pension-benefits"
242,"401(k) Employer Match Calculator","employer-match-calculator","EmployerMatchCalculator","retirement-planning-tools","savings-401k-contributions"
243,"4% Rule Withdrawal Calculator","withdrawal-rate-calculator","WithdrawalRateCalculator","retirement-planning-tools","drawdown-rmd-healthcare"
244,"Required Minimum Distribution (RMD) Calculator","rmd-calculator","RmdCalculator","retirement-planning-tools","savings-401k-contributions"
245,"Retirement Income Replacement Ratio Calculator","income-replacement-ratio-calculator","IncomeReplacementRatioCalculator","retirement-planning-tools","drawdown-rmd-healthcare"
246,"Years to Retirement Countdown Calculator","years-to-retirement-countdown","YearsToRetirementCountdown","retirement-planning-tools","retirement-milestones-fire"
247,"Pension Lump Sum vs Annuity Comparison","pension-lump-sum-vs-annuity","PensionLumpSumVsAnnuity","retirement-planning-tools","social-security-pension-benefits"
248,"Catch-Up Contribution Calculator","catch-up-contribution-calculator","CatchUpContributionCalculator","retirement-planning-tools","savings-401k-contributions"
249,"Coast FIRE Calculator","coast-fire-calculator","CoastFireCalculator","retirement-planning-tools","retirement-milestones-fire"
250,"Retirement Healthcare Cost Estimator","retirement-healthcare-cost-estimator","RetirementHealthcareCostEstimator","retirement-planning-tools","drawdown-rmd-healthcare"
251,"Social Security Claiming Age Comparison","social-security-claiming-age-comparison","SocialSecurityClaimingAgeComparison","retirement-planning-tools","social-security-pension-benefits"
252,"Required Savings Rate Calculator","required-savings-rate-calculator","RequiredSavingsRateCalculator","retirement-planning-tools","savings-401k-contributions"
253,"Cover Letter Generator","cover-letter-generator","CoverLetterGenerator","career-tools","resume-cv"
254,"Resume Builder","resume-builder","ResumeBuilder","career-tools","resume-cv"
255,"Salary Negotiation Script Generator","salary-negotiation-coach","SalaryNegotiationCoach","career-tools","career-planning-prep"
256,"Code Plain English Explainer","code-explainer","CodeExplainer","developer-tools","code-formatting-transform"
257,"Monthly Personal Budget Planner","monthly-budget-planner","MonthlyBudgetPlanner","finance-tools","loan-debt"
258,"Kitchen Cookware & Crockery Converter","kitchen-crockery-guide","KitchenCrockeryGuide","food-nutrition-tools","cooking-recipes"
259,"Recipe & Ingredient Matcher","recipe-ingredient-matcher","RecipeFinder","food-nutrition-tools","nutrition-meal-planning"
260,"Weekly Meal & Menu Planner","weekly-meal-planner","WeeklyMealPlanner","food-nutrition-tools","nutrition-meal-planning"
261,"Image Background Remover","image-background-remover","BackgroundRemover","image-tools","image-editing-effects"
262,"Image Format Converter (PNG/JPG/WebP)","image-format-converter","ImageConverter","image-tools","image-conversion-format"
263,"Image to Text (OCR) Extractor","image-to-text-ocr","ImageToText","image-tools","image-analysis-ocr"
264,"Image Resolution & Dimension Upscaler","image-resolution-upscaler","ImageUpscaler","image-tools","image-editing-effects"
265,"Voice & Speech to Text Transcriber","speech-to-text-transcriber","SpeechToText","media-tools","voice-transcription-media"
266,"Text to Speech Audio Reader","text-to-speech-reader","TextToSpeech","media-tools","audio-media-speech"
267,"Ask PDF Document Q&A","ask-pdf-document-qa","AskPdf","pdf-tools","pdf-text-security"
268,"PDF File Size Compressor","pdf-file-compressor","PdfCompressor","pdf-tools","pdf-management"
269,"PDF Document Merger","pdf-document-merger","PdfMerger","pdf-tools","pdf-management"
270,"PDF Document Text Summarizer","pdf-text-summarizer","PdfSummarizer","pdf-tools","pdf-text-security"
271,"PDF to Plain Text Extractor","pdf-to-text-extractor","PdfToText","pdf-tools","pdf-conversion-export"
272,"PDF to Word (.docx) Converter","pdf-to-word-converter","PdfToWord","pdf-tools","pdf-conversion-export"
273,"PDF Document Text Translator","pdf-document-translator","PdfTranslator","pdf-tools","pdf-conversion-export"
274,"Text / Word to PDF Converter","word-text-to-pdf-converter","WordToPdf","pdf-tools","pdf-conversion-export"
275,"Quick Scratchpad & Local Notes","quick-scratchpad-notes","QuickNotes","productivity-tools","workflow-randomizers-utilities"
276,"Study Notes & Outline Generator","study-notes-outline-generator","NotesGenerator","student-tools","study-learning-management"
277,"Passage Quiz Question Generator","passage-quiz-question-generator","QuizGenerator","student-tools","study-learning-management"
278,"BMI & Body Composition Calculator","bmi-body-health-calculator","BmiHealthCalculator","health-wellness-tools","body-metrics-health"
279,"Blog Post & Article Writer","blog-post-article-writer","BlogWriter","writing-tools","content-creation"
280,"Professional Email Writer","professional-email-writer","EmailWriter","writing-tools","writing-editing"
281,"English Grammar & Spelling Checker","english-grammar-spelling-checker","GrammarChecker","writing-tools","writing-editing"
282,"Sentence & Paragraph Paraphraser","sentence-text-paraphraser","Paraphraser","writing-tools","writing-editing"
283,"Text & Paragraph Summarizer","text-paragraph-summarizer","TextSummarizer","writing-tools","content-creation"
284,"Text & Phrase Language Translator","text-language-translator","TextTranslator","writing-tools","text-formatting-utilities"
285,"Package Unit Price Comparator","package-unit-price-comparator","PackageUnitPriceComparator","shopping-tools","budgeting-shopping-planners"
286,"Reverse Sales Tax Calculator","reverse-sales-tax-calculator","ReverseSalesTaxCalculator","shopping-tools","discounts-savings-calculators"
287,"Overtime Pay & Wage Calculator","overtime-pay-calculator","OvertimePayCalculator","office-tools","workplace-compensation-payroll"
288,"Freelance Hourly Rate Calculator","freelance-hourly-rate-calculator","FreelanceHourlyRateCalculator","business-tools","pricing-costing"
289,"Profit Margin vs Markup Converter","margin-vs-markup-calculator","MarginVsMarkupCalculator","business-tools","pricing-costing"
290,"Multi-Loan Side-by-Side Comparator","loan-comparison-calculator","LoanComparisonCalculator","finance-tools","loan-debt"
291,"Simple Interest & Return Calculator","simple-interest-return-calculator","SimpleInterestReturnCalculator","finance-tools","loan-debt"
292,"Target Savings Goal Calculator","target-savings-goal-calculator","TargetSavingsGoalCalculator","finance-tools","loan-debt"
293,"Running Pace & Speed Converter","running-pace-speed-converter","RunningPaceSpeedConverter","fitness-tools","body-energy"
294,"Px to Rem & Em Unit Converter","px-rem-em-converter","PxRemEmConverter","developer-tools","web-frontend-styling"
295,"Hex to RGB & HSL Color Converter","hex-to-rgb-hsl-converter","HexToRgbHslConverter","developer-tools","web-frontend-styling"
296,"Text Case Converter & Formatting Tool","text-case-converter-tool","TextCaseConverterTool","writing-tools","text-formatting-utilities"
297,"Word Frequency & Keyword Density Analyzer","word-frequency-density-analyzer","WordFrequencyDensityAnalyzer","writing-tools","style-readability"
298,"Duplicate Line & String Deduplicator","duplicate-line-deduplicator","DuplicateLineDeduplicator","developer-tools","regex-text-developer-tools"
299,"CSV to JSON Data Table Converter","csv-to-json-data-converter","CsvToJsonDataConverter","developer-tools","code-formatting-transform"
300,"JSON Array to CSV Export Converter","json-to-csv-export-converter","JsonToCsvExportConverter","developer-tools","code-formatting-transform"
301,"Appliance Electricity Cost Calculator","appliance-electricity-cost-calculator","ApplianceElectricityCostCalculator","household-tools","cleaning-schedules"
302,"Household Water Bill Estimator","household-water-bill-estimator","HouseholdWaterBillEstimator","household-tools","cleaning-schedules"
303,"Gas Mileage & Fuel Economy Calculator","gas-mileage-fuel-economy-calculator","GasMileageFuelEconomyCalculator","automotive-tools","vehicle-costs"
304,"EV Charging vs Gas Cost Calculator","ev-charging-vs-gas-cost-calculator","EvChargingVsGasCostCalculator","automotive-tools","vehicle-costs"
305,"Loan Amortization Schedule Calculator","loan-amortization-schedule-calculator","LoanAmortizationScheduleCalculator","finance-tools","loan-debt"
306,"Property Tax & Escrow Estimator","property-tax-escrow-estimator","PropertyTaxEscrowEstimator","real-estate-tools","mortgage-financing-equity"
307,"Gross & Net Rental Yield Calculator","gross-net-rental-yield-calculator","GrossNetRentalYieldCalculator","real-estate-tools","rental-cashflow-landlord"
308,"Commercial Lease Rent Calculator","commercial-lease-rent-calculator","CommercialLeaseRentCalculator","real-estate-tools","rental-cashflow-landlord"
309,"Customer Lifetime Value (LTV) Calculator","customer-lifetime-value-ltv-calculator","CustomerLifetimeValueLtvCalculator","business-tools","pricing-costing"
310,"Customer Acquisition Cost (CAC) Calculator","customer-acquisition-cost-cac-calculator","CustomerAcquisitionCostCacCalculator","business-tools","pricing-costing"
311,"SaaS Churn Rate & Retention Calculator","saas-churn-retention-calculator","SaasChurnRetentionCalculator","business-tools","pricing-costing"
312,"Capital Investment Payback Period Calculator","payback-period-calculator","PaybackPeriodCalculator","business-tools","pricing-costing"
313,"Net Present Value (NPV) Calculator","net-present-value-npv-calculator","NetPresentValueNpvCalculator","business-tools","pricing-costing"
314,"Working Capital & Current Ratio Calculator","working-capital-current-ratio-calculator","WorkingCapitalCurrentRatioCalculator","business-tools","pricing-costing"
315,"Debt to Equity Ratio Calculator","debt-to-equity-ratio-calculator","DebtToEquityRatioCalculator","business-tools","pricing-costing"
316,"Discounted Cash Flow (DCF) Valuation Tool","discounted-cash-flow-dcf-valuation-tool","DiscountedCashFlowDcfValuationTool","finance-tools","loan-debt"
317,"Rule of 72 Doubling Time Calculator","rule-of-72-doubling-time-calculator","RuleOf72DoublingTimeCalculator","finance-tools","loan-debt"
318,"Dividend Yield & DRIP Growth Calculator","dividend-yield-drip-growth-calculator","DividendYieldDripGrowthCalculator","finance-tools","loan-debt"
319,"Real Inflation-Adjusted Return Calculator","inflation-adjusted-return-calculator","InflationAdjustedReturnCalculator","finance-tools","loan-debt"
320,"Emergency Savings Fund Target Calculator","emergency-savings-fund-calculator","EmergencySavingsFundCalculator","finance-tools","loan-debt"
321,"Personal Net Worth Calculator","personal-net-worth-calculator","PersonalNetWorthCalculator","finance-tools","loan-debt"
322,"Debt-to-Income (DTI) Ratio Calculator","debt-to-income-dti-ratio-calculator","DebtToIncomeDtiRatioCalculator","finance-tools","loan-debt"
323,"Credit Card Minimum Payoff Calculator","credit-card-minimum-payoff-calculator","CreditCardMinimumPayoffCalculator","finance-tools","loan-debt"
324,"College Education Savings 529 Calculator","college-savings-529-calculator","CollegeSavings529Calculator","finance-tools","loan-debt"
325,"Historical Purchasing Power & Inflation Tool","historical-purchasing-power-inflation-tool","HistoricalPurchasingPowerInflationTool","finance-tools","loan-debt"
326,"Ideal Body Weight (IBW) Calculator","ideal-body-weight-calculator","IdealBodyWeightCalculator","health-wellness-tools","body-metrics-health"
327,"US Navy Body Fat Percentage Calculator","navy-body-fat-percentage-calculator","NavyBodyFatPercentageCalculator","health-wellness-tools","body-metrics-health"
328,"Karvonen Target Heart Rate Zone Calculator","karvonen-heart-rate-zone-calculator","KarvonenHeartRateZoneCalculator","health-wellness-tools","health-monitoring-tracking"
329,"Calorie Deficit Weight Loss Planner","calorie-deficit-weight-loss-planner","CalorieDeficitWeightLossPlanner","health-wellness-tools","wellness-routine-planning"
330,"Intermittent Fasting Window Calculator","intermittent-fasting-window-calculator","IntermittentFastingWindowCalculator","health-wellness-tools","wellness-routine-planning"
331,"Camera Exposure Triangle & ISO Converter","exposure-triangle-iso-aperture-tool","ExposureTriangleIsoApertureTool","photography-tools","camera-settings"
332,"Depth of Field (DOF) Calculator","depth-of-field-dof-calculator","DepthOfFieldDofCalculator","photography-tools","camera-settings"
333,"Soil pH Adjustment (Lime & Sulfur) Calculator","soil-ph-adjustment-lime-sulfur-calculator","SoilPhAdjustmentLimeSulfurCalculator","gardening-tools","plant-care"
334,"Concrete Cubic Yards & Bag Count Calculator","concrete-cubic-yards-bag-calculator","ConcreteCubicYardsBagCalculator","construction-tools","material-estimation"
335,"Hardwood & Board Feet Volume Calculator","hardwood-board-feet-calculator","HardwoodBoardFeetCalculator","construction-tools","material-estimation"
336,"Quadratic Equation Solver Tool","quadratic-equation-solver-tool","QuadraticEquationSolverTool","math-unit-tools","unit-converters"
337,"GCD & LCM Calculator Tool","gcd-lcm-calculator-tool","GcdLcmCalculatorTool","math-unit-tools","unit-converters"
338,"Standard Deviation & Variance Calculator","standard-deviation-variance-calculator","StandardDeviationVarianceCalculator","math-unit-tools","unit-converters"
339,"Permutations & Combinations Calculator","permutations-combinations-calculator","PermutationsCombinationsCalculator","math-unit-tools","unit-converters"
340,"Fraction to Decimal & Percentage Converter","fraction-to-decimal-percentage-converter","FractionToDecimalPercentageConverter","math-unit-tools","unit-converters"
341,"Pressure Unit Converter Tool","pressure-unit-converter-tool","PressureUnitConverterTool","math-unit-tools","unit-converters"
342,"Energy & Work Unit Converter","energy-work-unit-converter","EnergyWorkUnitConverter","math-unit-tools","unit-converters"
343,"BPM to Delay Time & LFO Frequency Calculator","bpm-delay-time-lfo-calculator","BpmDelayTimeLfoCalculator","music-tools","music-theory"
344,"Guitar Capo Transpose Key Finder","guitar-capo-transpose-key-finder","GuitarCapoTransposeKeyFinder","music-tools","music-theory"
345,"Astrophotography 500 Rule Calculator","astrophotography-500-rule-calculator","Astrophotography500RuleCalculator","photography-tools","camera-settings"
346,"NFL Quarterback Passer Rating Calculator","quarterback-passer-rating-calculator","QuarterbackPasserRatingCalculator","sports-tools","performance-tracking"
347,"Baseball ERA & WHIP Pitching Calculator","baseball-era-whip-calculator","BaseballEraWhipCalculator","sports-tools","performance-tracking"
348,"Basketball True Shooting % (TS%) Calculator","basketball-true-shooting-percentage-calculator","BasketballTrueShootingPercentageCalculator","sports-tools","performance-tracking"
349,"Cycling Power-to-Weight (W/kg) Calculator","cycling-power-to-weight-calculator","CyclingPowerToWeightCalculator","sports-tools","performance-tracking"
350,"Swimming Pace per 100m Calculator","swimming-pace-per-100m-calculator","SwimmingPacePer100mCalculator","sports-tools","performance-tracking"
351,"Flight Jet Lag Recovery Schedule Planner","flight-jet-lag-recovery-planner","FlightJetLagRecoveryPlanner","lifestyle-travel-tools","trip-travel"
352,"Travel Budget Daily Expense Planner","travel-budget-daily-planner","TravelBudgetDailyPlanner","lifestyle-travel-tools","trip-travel"
353,"Hiking Trail Speed (Naismith Rule) Calculator","hiking-trail-speed-naismith-calculator","HikingTrailSpeedNaismithCalculator","lifestyle-travel-tools","trip-travel"
354,"Celsius, Fahrenheit & Kelvin Converter","celsius-fahrenheit-kelvin-converter","CelsiusFahrenheitKelvinConverter","weather-tools","weather-planning"
355,"Humidity & Dew Point Comfort Calculator","humidity-dew-point-comfort-calculator","HumidityDewPointComfortCalculator","weather-tools","weather-planning"
356,"Torque Unit Converter Tool","torque-unit-converter-tool","TorqueUnitConverterTool","math-unit-tools","unit-converters"
357,"Fluid Flow Rate Unit Converter","flow-rate-unit-converter","FluidFlowRateUnitConverter","math-unit-tools","unit-converters"
358,"Speed of Sound in Air Calculator","sound-speed-temperature-calculator","SpeedOfSoundInAirCalculator","science-measurement-tools","physics-utilities"
359,"Density, Mass & Volume Calculator","density-mass-volume-calculator","DensityMassVolumeCalculator","science-measurement-tools","physics-utilities"
360,"Capacitor Energy & Charge Calculator","capacitor-charge-energy-calculator","CapacitorChargeEnergyCalculator","electronics-tools","circuit-calculators"
361,"LED Current Limiting Resistor Calculator","led-resistor-value-calculator","LedResistorValueCalculator","electronics-tools","circuit-calculators"
362,"Real-Time Meeting Cost per Minute Calculator","meeting-cost-per-minute-calculator","MeetingCostPerMinuteCalculator","office-tools","workplace-compensation-payroll"
363,"Salary to Hourly Wage Converter","salary-to-hourly-wage-converter","SalaryToHourlyWageConverter","office-tools","workplace-compensation-payroll"
364,"Moving Box & Packing Supply Estimator","moving-box-count-calculator","MovingBoxCountCalculator","organization-tools","home-organization"
365,"Digital Storage File Size Unit Converter","digital-storage-file-size-converter","DigitalStorageFileSizeConverter","organization-tools","home-organization"
366,"Lesson Plan Builder","lesson-plan-builder","LessonPlanBuilder","education-tools","grading-curriculum-planning"
367,"Grading Rubric Generator","rubric-generator","RubricGenerator","education-tools","grading-curriculum-planning"
368,"Reading Level Analyzer","reading-level-analyzer","ReadingLevelAnalyzer","education-tools","academic-study-aids"
369,"Class Average Calculator","class-average-calculator","ClassAverageCalculator","education-tools","academic-study-aids"
370,"Classroom Activity Timer","classroom-timer","ClassroomTimer","education-tools","classroom-management-attendance"
371,"Bell Schedule Maker","bell-schedule-maker","BellScheduleMaker","education-tools","academic-study-aids"
372,"Seating Arrangement Randomizer","seating-randomizer","SeatingRandomizer","education-tools","classroom-management-attendance"
373,"Group Project Team Maker","group-maker","GroupMaker","education-tools","academic-study-aids"
374,"Homework Load Estimator","homework-load-estimator","HomeworkLoadEstimator","education-tools","academic-study-aids"
375,"Student Progress Tracker","student-progress-tracker","StudentProgressTracker","education-tools","academic-study-aids"
376,"Field Trip Budget Planner","field-trip-budget","FieldTripBudget","education-tools","academic-study-aids"
377,"Curriculum Mapping Tool","curriculum-mapper","CurriculumMapper","education-tools","grading-curriculum-planning"
378,"Classroom Supply Budget","classroom-supply-budget","ClassroomSupplyBudget","education-tools","academic-study-aids"
379,"Student Behavior Point Tracker","student-behavior-tracker","StudentBehaviorTracker","education-tools","classroom-management-attendance"
380,"NDA Generator","nda-generator","NdaGenerator","legal-tools","contract-document-templates"
381,"Contract Review Checklist","contract-checklist","ContractChecklist","legal-tools","contract-document-templates"
382,"Legal Hourly Billing Calculator","hourly-billing-calculator","HourlyBillingCalculator","legal-tools","legal-fee-settlement-calculators"
383,"Court Date Countdown","court-date-countdown","CourtDateCountdown","legal-tools","legal-fee-settlement-calculators"
384,"Legal Fee Estimator","legal-fee-estimator","LegalFeeEstimator","legal-tools","contract-document-templates"
385,"Document Retention Scheduler","document-retention-scheduler","DocumentRetentionScheduler","legal-tools","compliance-audit-checklists"
386,"Billable Hours Tracker","billable-hours-tracker","BillableHoursTracker","legal-tools","contract-document-templates"
387,"GDPR Compliance Checklist","gdpr-compliance-checklist","GdprComplianceChecklist","legal-tools","compliance-audit-checklists"
388,"Terms of Service Generator","terms-of-service-generator","TermsOfServiceGenerator","legal-tools","contract-document-templates"
389,"Privacy Policy Generator","privacy-policy-generator","PrivacyPolicyGenerator","legal-tools","compliance-audit-checklists"
390,"Legal Deadline Calculator","legal-deadline-calculator","LegalDeadlineCalculator","legal-tools","legal-fee-settlement-calculators"
391,"Cease and Desist Template","cease-desist-template","CeaseDesistTemplate","legal-tools","contract-document-templates"
392,"Power of Attorney Template","power-of-attorney-template","PowerOfAttorneyTemplate","legal-tools","contract-document-templates"
393,"Trademark Search Prep","trademark-search-prep","TrademarkSearchPrep","legal-tools","compliance-audit-checklists"
394,"Statute of Limitations Reference","statute-of-limitations-ref","StatuteOfLimitationsRef","legal-tools","compliance-audit-checklists"
395,"Project Pricing Calculator","project-pricing-calculator","ProjectPricingCalculator","freelance-tools","pricing-hourly-rates"
396,"Scope of Work Generator","scope-of-work-generator","ScopeOfWorkGenerator","freelance-tools","pricing-hourly-rates"
397,"Client Proposal Builder","client-proposal-builder","ClientProposalBuilder","freelance-tools","invoicing-payment-contracts"
398,"Freelance Tax Estimator","freelance-tax-estimator","FreelanceTaxEstimator","freelance-tools","freelance-tax-finances"
399,"Project Timeline Estimator","project-timeline-estimator","ProjectTimelineEstimator","freelance-tools","invoicing-payment-contracts"
400,"Client Invoice Tracker","client-invoice-tracker","ClientInvoiceTracker","freelance-tools","invoicing-payment-contracts"
401,"Rate Increase Calculator","rate-increase-calculator","RateIncreaseCalculator","freelance-tools","pricing-hourly-rates"
402,"Time Tracking Summary","time-tracking-summary","TimeTrackingSummary","freelance-tools","invoicing-payment-contracts"
403,"Expense Deduction Tracker","expense-deduction-tracker","ExpenseDeductionTracker","freelance-tools","freelance-tax-finances"
404,"Client Onboarding Checklist","client-onboarding-checklist","ClientOnboardingChecklist","freelance-tools","invoicing-payment-contracts"
405,"Late Payment Fee Calculator","late-payment-fee-calculator","LatePaymentFeeCalculator","freelance-tools","invoicing-payment-contracts"
406,"Monthly Profit & Loss","profit-loss-dashboard","ProfitLossDashboard","freelance-tools","invoicing-payment-contracts"
407,"Portfolio Project Tracker","portfolio-tracker","PortfolioTracker","freelance-tools","invoicing-payment-contracts"
408,"Annual Contract Value Calculator","contract-value-calculator","ContractValueCalculator","freelance-tools","pricing-hourly-rates"
409,"Meeting Scheduler Template","meeting-scheduler-template","MeetingSchedulerTemplate","freelance-tools","invoicing-payment-contracts"
410,"Engagement Rate Calculator","engagement-rate-calculator","EngagementRateCalculator","social-media-tools","engagement-metrics-analytics"
411,"Social Media Bio Generator","bio-generator","BioGenerator","social-media-tools","bio-profile-optimization"
412,"Post Length Optimizer","post-length-optimizer","PostLengthOptimizer","social-media-tools","content-scheduling-planners"
413,"Content Idea Generator","content-idea-generator","ContentIdeaGenerator","social-media-tools","captions-hashtag-generation"
414,"Follower Growth Calculator","follower-growth-calculator","FollowerGrowthCalculator","social-media-tools","engagement-metrics-analytics"
415,"Social Media ROI Calculator","social-media-roi-calculator","SocialMediaRoiCalculator","social-media-tools","captions-hashtag-generation"
416,"Content Calendar Planner","content-calendar-planner","ContentCalendarPlanner","social-media-tools","content-scheduling-planners"
417,"Call-to-Action Generator","cta-generator","CtaGenerator","social-media-tools","captions-hashtag-generation"
418,"A/B Test Significance Calculator","ab-test-calculator","AbTestCalculator","social-media-tools","captions-hashtag-generation"
419,"Influencer Rate Calculator","influencer-rate-calculator","InfluencerRateCalculator","social-media-tools","engagement-metrics-analytics"
420,"Video Script Timer","video-script-timer","VideoScriptTimer","social-media-tools","captions-hashtag-generation"
421,"Username Format Checker","username-checker","UsernameChecker","social-media-tools","captions-hashtag-generation"
422,"Hashtag Performance Analyzer","hashtag-analyzer","HashtagAnalyzer","social-media-tools","captions-hashtag-generation"
423,"Social Proof Formatter","social-proof-formatter","SocialProofFormatter","social-media-tools","captions-hashtag-generation"
424,"Best Posting Time Finder","posting-time-finder","PostingTimeFinder","social-media-tools","content-scheduling-planners"
425,"Chi-Square Test Calculator","chi-square-calculator","ChiSquareCalculator","data-tools","statistics-correlation-analysis"
426,"Sample Size Calculator","sample-size-calculator","SampleSizeCalculator","data-tools","data-sampling-randomization"
427,"Z-Score Calculator","z-score-calculator","ZScoreCalculator","data-tools","statistics-correlation-analysis"
428,"Correlation Calculator","correlation-calculator","CorrelationCalculator","data-tools","statistics-correlation-analysis"
429,"Outlier Detector (IQR)","outlier-detector","OutlierDetector","data-tools","statistics-correlation-analysis"
430,"Moving Average Calculator","moving-average-calculator","MovingAverageCalculator","data-tools","statistics-correlation-analysis"
431,"Data Normalizer","data-normalizer","DataNormalizer","data-tools","data-cleansing-transformation"
432,"Frequency Distribution Maker","frequency-distribution","FrequencyDistribution","data-tools","statistics-correlation-analysis"
433,"Confidence Interval Calculator","confidence-interval-calculator","ConfidenceIntervalCalculator","data-tools","statistics-correlation-analysis"
434,"Linear Regression Calculator","regression-line-calculator","RegressionLineCalculator","data-tools","statistics-correlation-analysis"
435,"Percentile Rank Calculator","percentile-calculator","PercentileCalculator","data-tools","statistics-correlation-analysis"
436,"T-Test Calculator","t-test-calculator","TTestCalculator","data-tools","data-sampling-randomization"
437,"CSV Column Statistics","csv-column-stats","CsvColumnStats","data-tools","data-sampling-randomization"
438,"Probability Calculator","probability-calculator","ProbabilityCalculator","data-tools","statistics-correlation-analysis"
439,"Pooled Variance Calculator","variance-calculator","VarianceCalculator","data-tools","statistics-correlation-analysis"
440,"Product Markup Calculator","product-markup-calculator","ProductMarkupCalculator","ecommerce-tools","inventory-store-operations"
441,"Shipping Cost Estimator","shipping-cost-estimator","ShippingCostEstimator","ecommerce-tools","order-shipping-fulfillment"
442,"FBA Fee Estimator","fba-fee-calculator","FbaFeeCalculator","ecommerce-tools","order-shipping-fulfillment"
443,"SKU Generator","sku-generator","SkuGenerator","ecommerce-tools","inventory-store-operations"
444,"Profit Per Unit Calculator","profit-per-unit-calculator","ProfitPerUnitCalculator","ecommerce-tools","product-pricing-profitability"
445,"Economic Order Quantity Calculator","eoq-calculator","EoqCalculator","ecommerce-tools","inventory-store-operations"
446,"Coupon Code Generator","coupon-code-generator","CouponCodeGenerator","ecommerce-tools","inventory-store-operations"
447,"Return Rate Calculator","return-rate-calculator","ReturnRateCalculator","ecommerce-tools","inventory-store-operations"
448,"Inventory Turnover Calculator","inventory-turnover-calculator","InventoryTurnoverCalculator","ecommerce-tools","inventory-store-operations"
449,"Landed Cost Calculator","landed-cost-calculator","LandedCostCalculator","ecommerce-tools","order-shipping-fulfillment"
450,"Pricing Psychology Tool","pricing-psychology-tool","PricingPsychologyTool","ecommerce-tools","product-pricing-profitability"
451,"Sales Forecast Calculator","sales-forecast-calculator","SalesForecastCalculator","ecommerce-tools","inventory-store-operations"
452,"Average Order Value Calculator","aov-calculator","AovCalculator","ecommerce-tools","product-pricing-profitability"
453,"Product Photography Checklist","product-photo-checklist","ProductPhotoChecklist","ecommerce-tools","inventory-store-operations"
454,"Product Description Template","product-description-template","ProductDescriptionTemplate","ecommerce-tools","inventory-store-operations"
455,"Carbon Footprint Calculator","carbon-footprint-calculator","CarbonFootprintCalculator","sustainability-tools","eco-lifestyle-offsets"
456,"Home Energy Audit Checklist","energy-audit-checklist","EnergyAuditChecklist","sustainability-tools","carbon-energy-footprint"
457,"Daily Water Usage Calculator","water-usage-calculator","WaterUsageCalculator","sustainability-tools","waste-water-conservation"
458,"Recycling Material Guide","recycling-guide","RecyclingGuide","sustainability-tools","carbon-energy-footprint"
459,"Commute Emissions Calculator","commute-emissions-calculator","CommuteEmissionsCalculator","sustainability-tools","eco-lifestyle-offsets"
460,"Tree Planting Offset Calculator","tree-offset-calculator","TreeOffsetCalculator","sustainability-tools","eco-lifestyle-offsets"
461,"Solar Panel Savings Estimator","solar-savings-estimator","SolarSavingsEstimator","sustainability-tools","carbon-energy-footprint"
462,"Paper Usage Calculator","paper-usage-calculator","PaperUsageCalculator","sustainability-tools","waste-water-conservation"
463,"Plastic Footprint Calculator","plastic-footprint-calculator","PlasticFootprintCalculator","sustainability-tools","waste-water-conservation"
464,"Low Carbon Diet Planner","carbon-diet-planner","CarbonDietPlanner","sustainability-tools","eco-lifestyle-offsets"
465,"Electricity Carbon Calculator","electricity-carbon-calculator","ElectricityCarbonCalculator","sustainability-tools","eco-lifestyle-offsets"
466,"Food Waste Tracker","food-waste-tracker","FoodWasteTracker","sustainability-tools","waste-water-conservation"
467,"Insulation Savings Calculator","insulation-savings-calculator","InsulationSavingsCalculator","sustainability-tools","eco-lifestyle-offsets"
468,"Appliance Efficiency Comparator","appliance-efficiency-comparator","ApplianceEfficiencyComparator","sustainability-tools","carbon-energy-footprint"
469,"Eco-Friendly Product Scorer","eco-product-scorer","EcoProductScorer","sustainability-tools","carbon-energy-footprint"
470,"Slide Count Estimator","slide-count-estimator","SlideCountEstimator","presentation-tools","slide-structure-planning"
471,"Speech Word Count Timer","speech-word-timer","SpeechWordTimer","presentation-tools","speech-timing-pacing"
472,"Presentation Outline Generator","presentation-outline","PresentationOutline","presentation-tools","slide-structure-planning"
473,"Audience-Room Size Calculator","audience-room-calculator","AudienceRoomCalculator","presentation-tools","presentation-design-qa"
474,"Q&A Session Timer","qa-timer","QaTimer","presentation-tools","speech-timing-pacing"
475,"Speaking Pace Calculator","speaking-pace-calculator","SpeakingPaceCalculator","presentation-tools","presentation-design-qa"
476,"Elevator Pitch Timer","elevator-pitch-timer","ElevatorPitchTimer","presentation-tools","speech-timing-pacing"
477,"Presentation Day Checklist","presentation-checklist","PresentationChecklist","presentation-tools","presentation-design-qa"
478,"Projector Font Size Calculator","font-size-projector","FontSizeProjector","presentation-tools","presentation-design-qa"
479,"Handout Page Calculator","handout-calculator","HandoutCalculator","presentation-tools","presentation-design-qa"
480,"Subnet Calculator","subnet-calculator","SubnetCalculator","networking-tools","ip-subnetting-addressing"
481,"IP Address Converter","ip-converter","IpConverter","networking-tools","ip-subnetting-addressing"
482,"Bandwidth Calculator","bandwidth-calculator","BandwidthCalculator","networking-tools","bandwidth-latency-transfer"
483,"CIDR Notation Calculator","cidr-calculator","CidrCalculator","networking-tools","ip-subnetting-addressing"
484,"DNS Record Reference","dns-reference","DnsReference","networking-tools","ports-dns-network-diagnostics"
485,"Port Number Reference","port-reference","PortReference","networking-tools","ports-dns-network-diagnostics"
486,"MAC Address Formatter","mac-formatter","MacFormatter","networking-tools","ip-subnetting-addressing"
487,"Throughput Calculator","throughput-calculator","ThroughputCalculator","networking-tools","bandwidth-latency-transfer"
488,"SSL Certificate Expiry Calculator","ssl-expiry-calculator","SslExpiryCalculator","networking-tools","ip-subnetting-addressing"
489,"Uptime Percentage Calculator","uptime-calculator","UptimeCalculator","networking-tools","ip-subnetting-addressing"
490,"Binary/Hex/Decimal Converter","binary-hex-converter","BinaryHexConverter","networking-tools","ip-subnetting-addressing"
491,"JWT Decoder","jwt-decoder","JwtDecoder","networking-tools","ip-subnetting-addressing"
492,"HTTP Header Reference","http-header-reference","HttpHeaderReference","networking-tools","ip-subnetting-addressing"
493,"API Response Time Calculator","api-response-calculator","ApiResponseCalculator","networking-tools","bandwidth-latency-transfer"
494,"Data Transfer Cost Estimator","data-transfer-cost","DataTransferCost","networking-tools","ip-subnetting-addressing"
495,"Font Pairing Suggester","font-pairing-suggester","FontPairingSuggester","typography-tools","font-pairing-selection"
496,"Line Height Calculator","line-height-calculator","LineHeightCalculator","typography-tools","line-height-paragraph-spacing"
497,"Paragraph Width Calculator","paragraph-width-calculator","ParagraphWidthCalculator","typography-tools","font-pairing-selection"
498,"Vertical Rhythm Calculator","vertical-rhythm-calculator","VerticalRhythmCalculator","typography-tools","line-height-paragraph-spacing"
499,"Modular Scale Calculator","modular-scale-calculator","ModularScaleCalculator","typography-tools","font-sizing-type-scale"
500,"Font Size Unit Converter","font-size-converter","FontSizeConverter","typography-tools","font-pairing-selection"
501,"Text Contrast Checker","text-contrast-checker","TextContrastChecker","typography-tools","font-pairing-selection"
502,"Web Font Loading Snippet","web-font-snippet","WebFontSnippet","typography-tools","font-pairing-selection"
503,"Cap Height Calculator","cap-height-calculator","CapHeightCalculator","typography-tools","font-sizing-type-scale"
504,"Word Spacing Calculator","word-spacing-calculator","WordSpacingCalculator","typography-tools","font-pairing-selection"
505,"Recipe Scaler","recipe-scaler","RecipeScaler","baking-tools","ingredient-weight-substitutions"
506,"Oven Temperature Converter","oven-temp-converter","OvenTempConverter","baking-tools","pan-size-oven-conversions"
507,"Baking Pan Size Converter","pan-size-converter","PanSizeConverter","baking-tools","pan-size-oven-conversions"
508,"Yeast Conversion Calculator","yeast-converter","YeastConverter","baking-tools","ingredient-weight-substitutions"
509,"Egg Substitute Calculator","egg-substitute","EggSubstitute","baking-tools","ingredient-weight-substitutions"
510,"Butter to Oil Converter","butter-oil-converter","ButterOilConverter","baking-tools","ingredient-weight-substitutions"
511,"High Altitude Baking Adjuster","altitude-adjuster","AltitudeAdjuster","baking-tools","ingredient-weight-substitutions"
512,"Frosting Quantity Calculator","frosting-calculator","FrostingCalculator","baking-tools","ingredient-weight-substitutions"
513,"Sourdough Hydration Calculator","sourdough-calculator","SourdoughCalculator","baking-tools","recipe-scaling-bakers-math"
514,"Multi-Stage Baking Timer","baking-timer","BakingTimer","baking-tools","ingredient-weight-substitutions"
515,"Daily Mood Journal","mood-journal","MoodJournal","mental-health-tools","mood-emotional-tracking"
516,"Breathing Exercise Timer","breathing-timer","BreathingTimer","mental-health-tools","mindfulness-breathing-exercises"
517,"Gratitude Journal","gratitude-journal","GratitudeJournal","mental-health-tools","mindfulness-breathing-exercises"
518,"Sleep Quality Tracker","sleep-quality-tracker","SleepQualityTracker","mental-health-tools","stress-anxiety-management"
519,"Mindfulness Timer","mindfulness-timer","MindfulnessTimer","mental-health-tools","stress-anxiety-management"
520,"Worry Time Journal","worry-journal","WorryJournal","mental-health-tools","stress-anxiety-management"
521,"Self-Care Checklist","self-care-checklist","SelfCareChecklist","mental-health-tools","mood-emotional-tracking"
522,"Energy Level Tracker","energy-tracker","EnergyTracker","mental-health-tools","stress-anxiety-management"
523,"Digital Detox Planner","digital-detox-planner","DigitalDetoxPlanner","mental-health-tools","stress-anxiety-management"
524,"Stress Level Assessment","stress-assessment","StressAssessment","mental-health-tools","stress-anxiety-management"
525,"Wedding Budget Calculator","wedding-budget-calculator","WeddingBudgetCalculator","wedding-tools","wedding-budgeting-breakdown"
526,"Guest List Manager","guest-list-manager","GuestListManager","wedding-tools","guest-list-table-seating"
527,"Wedding Day Timeline","wedding-timeline","WeddingTimeline","wedding-tools","vendor-timeline-planning"
528,"Seating Calculator","seating-calculator","SeatingCalculator","wedding-tools","guest-list-table-seating"
529,"Vendor Budget Tracker","vendor-budget-tracker","VendorBudgetTracker","wedding-tools","wedding-budgeting-breakdown"
530,"Invitation Quantity Calculator","invitation-calculator","InvitationCalculator","wedding-tools","guest-list-table-seating"
531,"Wedding Countdown","wedding-countdown","WeddingCountdown","wedding-tools","vendor-timeline-planning"
532,"Flower Quantity Estimator","flower-estimator","FlowerEstimator","wedding-tools","vendor-timeline-planning"
533,"Drink Quantity Calculator","drink-calculator","DrinkCalculator","wedding-tools","wedding-budgeting-breakdown"
534,"Wedding Hashtag Generator","wedding-hashtag","WeddingHashtag","wedding-tools","vendor-timeline-planning"
535,"Multi-Dice Roller","dice-roller","DiceRoller","gaming-tools","dice-randomizers-probability"
536,"Character Name Generator","character-name-gen","CharacterNameGen","gaming-tools","boardgame-scorekeeping-tournaments"
537,"Initiative Tracker","initiative-tracker","InitiativeTracker","gaming-tools","ttrpg-character-combat"
538,"Loot Splitter","loot-splitter","LootSplitter","gaming-tools","dice-randomizers-probability"
539,"Random Encounter Generator","encounter-generator","EncounterGenerator","gaming-tools","dice-randomizers-probability"
540,"Game Score Tracker","score-tracker","ScoreTracker","gaming-tools","boardgame-scorekeeping-tournaments"
541,"Playing Card Drawer","card-drawer","CardDrawer","gaming-tools","boardgame-scorekeeping-tournaments"
542,"Coin Flip Tool","coin-flip","CoinFlip","gaming-tools","ttrpg-character-combat"
543,"Random Team Generator","team-generator","TeamGenerator","gaming-tools","boardgame-scorekeeping-tournaments"
544,"Game Turn Timer","game-timer","GameTimer","gaming-tools","boardgame-scorekeeping-tournaments"
545,"Currency Converter","currency-converter","CurrencyConverter","travel-planning-tools","timezone-currency-flight-planning"
546,"Trip Expense Splitter","trip-expense-splitter","TripExpenseSplitter","travel-planning-tools","itinerary-trip-budgets"
547,"Luggage Weight Checker","luggage-weight-checker","LuggageWeightChecker","travel-planning-tools","packing-clothing-lists"
548,"Time Zone Meeting Planner","timezone-planner","TimezonePlanner","travel-planning-tools","itinerary-trip-budgets"
549,"Travel Document Checklist","travel-document-checklist","TravelDocumentChecklist","travel-planning-tools","itinerary-trip-budgets"
550,"Vacation Day Optimizer","vacation-optimizer","VacationOptimizer","travel-planning-tools","itinerary-trip-budgets"
551,"Travel Power Adapter Finder","power-adapter-finder","PowerAdapterFinder","travel-planning-tools","packing-clothing-lists"
552,"Trip Itinerary Builder","itinerary-builder","ItineraryBuilder","travel-planning-tools","itinerary-trip-budgets"
553,"Packing Weight Calculator","packing-weight-calculator","PackingWeightCalculator","travel-planning-tools","packing-clothing-lists"
554,"Layover Time Planner","layover-planner","LayoverPlanner","travel-planning-tools","itinerary-trip-budgets"
555,"Molar Mass Calculator","molar-mass-calculator","MolarMassCalculator","chemistry-tools","molecular-molar-calculations"
556,"Dilution Calculator","dilution-calculator","DilutionCalculator","chemistry-tools","solution-dilution-molarity"
557,"Molarity Calculator","molarity-calculator","MolarityCalculator","chemistry-tools","solution-dilution-molarity"
558,"pH Calculator","ph-calculator","PhCalculator","chemistry-tools","solution-dilution-molarity"
559,"Ideal Gas Law Calculator","ideal-gas-calculator","IdealGasCalculator","chemistry-tools","gas-laws-thermodynamics"
560,"Percent Composition Calculator","percent-composition","PercentComposition","chemistry-tools","molecular-molar-calculations"
561,"Half-Life Calculator","half-life-calculator","HalfLifeCalculator","chemistry-tools","gas-laws-thermodynamics"
562,"Standard Cell Voltage Calculator","cell-voltage-calculator","CellVoltageCalculator","chemistry-tools","molecular-molar-calculations"
563,"Gas Stoichiometry Calculator","gas-stoichiometry","GasStoichiometry","chemistry-tools","gas-laws-thermodynamics"
564,"Solution Preparation Calculator","solution-prep-calculator","SolutionPrepCalculator","chemistry-tools","solution-dilution-molarity"
565,"Interview Scorecard","interview-scorecard","InterviewScorecard","hr-tools","recruitment-interview-scorecards"
566,"PTO Balance Tracker","pto-tracker","PtoTracker","hr-tools","pto-leave-attendance-management"
567,"Employee Cost Calculator","employee-cost-calculator","EmployeeCostCalculator","hr-tools","recruitment-interview-scorecards"
568,"Offer Letter Template","offer-letter-generator","OfferLetterGenerator","hr-tools","recruitment-interview-scorecards"
569,"Headcount Planning Calculator","headcount-planner","HeadcountPlanner","hr-tools","recruitment-interview-scorecards"
570,"Turnover Rate Calculator","turnover-calculator","TurnoverCalculator","hr-tools","compensation-turnover-analytics"
571,"Salary Range Calculator","salary-range-calculator","SalaryRangeCalculator","hr-tools","compensation-turnover-analytics"
572,"Time to Hire Calculator","time-to-hire-calculator","TimeToHireCalculator","hr-tools","recruitment-interview-scorecards"
573,"Onboarding Timeline Generator","onboarding-timeline","OnboardingTimeline","hr-tools","recruitment-interview-scorecards"
574,"Absenteeism Rate Calculator","absenteeism-calculator","AbsenteeismCalculator","hr-tools","recruitment-interview-scorecards"
575,"Staking Rewards Calculator","staking-calculator","StakingCalculator","crypto-blockchain-tools","staking-yield-mining-returns"
576,"Gas Fee Estimator","gas-estimator","GasEstimator","crypto-blockchain-tools","gas-fees-transaction-costs"
577,"DCA Calculator","dca-calculator","DcaCalculator","crypto-blockchain-tools","dca-portfolio-impermanent-loss"
578,"Crypto P&L Calculator","crypto-pnl-calculator","CryptoPnlCalculator","crypto-blockchain-tools","staking-yield-mining-returns"
579,"Hash Rate Converter","hash-rate-converter","HashRateConverter","crypto-blockchain-tools","staking-yield-mining-returns"
580,"Mining Profitability Calculator","mining-calculator","MiningCalculator","crypto-blockchain-tools","staking-yield-mining-returns"
581,"Wallet Address Validator","wallet-validator","WalletValidator","crypto-blockchain-tools","gas-fees-transaction-costs"
582,"Token Unit Converter","token-converter","TokenConverter","crypto-blockchain-tools","gas-fees-transaction-costs"
583,"Crop Yield Estimator","crop-yield-estimator","CropYieldEstimator","agriculture-tools","crop-yield-seeding-rates"
584,"Fertilizer Calculator","fertilizer-calculator","FertilizerCalculator","agriculture-tools","fertilizer-npk-soil-amendments"
585,"Irrigation Schedule Planner","irrigation-planner","IrrigationPlanner","agriculture-tools","fertilizer-npk-soil-amendments"
586,"Seed Rate Calculator","seed-rate-calculator","SeedRateCalculator","agriculture-tools","crop-yield-seeding-rates"
587,"Livestock Feed Calculator","livestock-feed-calculator","LivestockFeedCalculator","agriculture-tools","irrigation-livestock-feed"
588,"Harvest Date Estimator","harvest-date-estimator","HarvestDateEstimator","agriculture-tools","crop-yield-seeding-rates"
589,"Field Area Calculator","field-area-calculator","FieldAreaCalculator","agriculture-tools","crop-yield-seeding-rates"
590,"Rainfall-Irrigation Converter","rainfall-irrigation-converter","RainfallIrrigationConverter","agriculture-tools","irrigation-livestock-feed"
591,"Print Bleed Calculator","bleed-calculator","BleedCalculator","printing-tools","resolution-dpi-scaling"
592,"Paper Size Converter","paper-size-converter","PaperSizeConverter","printing-tools","paper-weight-ink-coverage"
593,"Print Cost Calculator","print-cost-calculator","PrintCostCalculator","printing-tools","paper-weight-ink-coverage"
594,"DPI Resolution Calculator","dpi-calculator","DpiCalculator","printing-tools","resolution-dpi-scaling"
595,"Ink Coverage Estimator","ink-coverage-estimator","InkCoverageEstimator","printing-tools","paper-weight-ink-coverage"
596,"Book Spine Width Calculator","spine-calculator","SpineCalculator","printing-tools","page-imposition-booklet-spine"
597,"CMYK/RGB Color Mode Info","color-mode-info","ColorModeInfo","printing-tools","paper-weight-ink-coverage"
598,"Imposition Layout Calculator","imposition-calculator","ImpositionCalculator","printing-tools","page-imposition-booklet-spine"
599,"Medication Schedule Planner","medication-planner","MedicationPlanner","elderly-care-tools","medication-pill-scheduling"
600,"Caregiver Shift Planner","caregiver-planner","CaregiverPlanner","elderly-care-tools","caregiver-shifts-support-planning"
601,"Fall Risk Checklist","fall-risk-checklist","FallRiskChecklist","elderly-care-tools","home-safety-fall-risk"
602,"Emergency Contact Card","emergency-card","EmergencyCard","elderly-care-tools","caregiver-shifts-support-planning"
603,"Daily Activity Log","daily-activity-log","DailyActivityLog","elderly-care-tools","home-safety-fall-risk"
604,"Appointment Manager","appointment-tracker","AppointmentTracker","elderly-care-tools","caregiver-shifts-support-planning"
605,"Senior Nutrition Calculator","senior-nutrition","SeniorNutrition","elderly-care-tools","home-safety-fall-risk"
606,"Mobility Exercise Planner","mobility-exercises","MobilityExercises","elderly-care-tools","home-safety-fall-risk"
607,"Volunteer Hour Tracker","volunteer-hours","VolunteerHours","volunteer-tools","volunteer-hours-shift-scheduling"
608,"Donation Tax Calculator","donation-tax-calc","DonationTaxCalc","volunteer-tools","fundraising-campaign-donations"
609,"Fundraising Goal Tracker","fundraising-tracker","FundraisingTracker","volunteer-tools","fundraising-campaign-donations"
610,"Grant Deadline Tracker","grant-deadline-tracker","GrantDeadlineTracker","volunteer-tools","fundraising-campaign-donations"
611,"Volunteer Scheduler","volunteer-scheduler","VolunteerScheduler","volunteer-tools","volunteer-hours-shift-scheduling"
612,"Impact Metrics Calculator","impact-calculator","ImpactCalculator","volunteer-tools","event-volunteer-coordination"
613,"Thank You Letter Generator","thank-you-generator","ThankYouGenerator","volunteer-tools","fundraising-campaign-donations"
614,"Screw & Bolt Reference","screw-bolt-reference","ScrewBoltReference","diy-tools","workshop-angles-fasteners"
615,"Sandpaper Grit Guide","sandpaper-guide","SandpaperGuide","diy-tools","paint-finish-project-planning"
616,"Wood Joint Selector","wood-joint-selector","WoodJointSelector","diy-tools","diy-material-quantities"
617,"Drill Bit Size Reference","drill-bit-reference","DrillBitReference","diy-tools","workshop-angles-fasteners"
618,"Stain & Paint Coverage","paint-coverage-calc","PaintCoverageCalc","diy-tools","paint-finish-project-planning"
619,"Adhesive Type Selector","adhesive-selector","AdhesiveSelector","diy-tools","paint-finish-project-planning"
620,"DIY Project Cost Estimator","diy-cost-estimator","DiyCostEstimator","diy-tools","diy-material-quantities"
621,"Wire Gauge Reference","wire-gauge-ref","WireGaugeRef","diy-tools","diy-material-quantities"
622,"Level & Plumb Calculator","level-plumb-calc","LevelPlumbCalc","diy-tools","diy-material-quantities"
623,"Tool Maintenance Scheduler","tool-maintenance-sched","ToolMaintenanceSched","diy-tools","diy-material-quantities"
624,"Moving Cost Estimator","moving-cost-estimator","MovingCostEstimator","moving-relocation-tools","moving-cost-estimation"
625,"Utility Transfer Checklist","utility-checklist","UtilityChecklist","moving-relocation-tools","relocation-checklists-planning"
626,"Room Inventory Generator","room-inventory","RoomInventory","moving-relocation-tools","packing-supplies-inventory"
627,"Address Change Checklist","address-change-list","AddressChangeList","moving-relocation-tools","relocation-checklists-planning"
628,"Truck Size Estimator","truck-size-calc","TruckSizeCalc","moving-relocation-tools","moving-cost-estimation"
629,"First Night Box Checklist","first-night-box","FirstNightBox","moving-relocation-tools","packing-supplies-inventory"
630,"Moving Timeline Planner","moving-timeline","MovingTimeline","moving-relocation-tools","relocation-checklists-planning"
631,"Deposit Refund Checklist","deposit-checklist","DepositChecklist","moving-relocation-tools","relocation-checklists-planning"
632,"Cost of Living Comparator","cost-of-living","CostOfLiving","moving-relocation-tools","moving-cost-estimation"
633,"Packing Supply Calculator","packing-supply-calc","PackingSupplyCalc","moving-relocation-tools","packing-supplies-inventory"
634,"Markdown Table Generator","markdown-table-gen","MarkdownTableGen","developer-tools","code-formatting-transform"
635,"Chmod Calculator","chmod-calculator","ChmodCalculator","developer-tools","network-api-data-inspection"
636,"HTML Entity Encoder","html-entity-encoder","HtmlEntityEncoder","developer-tools","web-frontend-styling"
637,"SQL Formatter","sql-formatter","SqlFormatter","developer-tools","code-formatting-transform"
638,"ASCII Art Text Generator","ascii-art-gen","AsciiArtGen","developer-tools","regex-text-developer-tools"
639,"Side-by-Side Code Diff Viewer","diff-checker","DiffChecker","developer-tools","regex-text-developer-tools"
640,"YAML/JSON Converter","yaml-json-conv","YamlJsonConv","developer-tools","code-formatting-transform"
641,"Number Base Converter","base-converter","BaseConverter","developer-tools","code-formatting-transform"
642,"String Escape Tool","string-escape","StringEscape","developer-tools","web-frontend-styling"
643,"Gitignore Generator","gitignore-gen","GitignoreGen","developer-tools","network-api-data-inspection"
644,"Robots.txt Generator","robots-txt-gen","RobotsTxtGen","developer-tools","web-frontend-styling"
645,"Open Graph Preview","meta-og-preview","MetaOgPreview","developer-tools","code-formatting-transform"
646,"Redirect Rule Generator","redirect-gen","RedirectGen","developer-tools","network-api-data-inspection"
647,"Image Base64 Converter","image-base64","ImageBase64","developer-tools","encoding-hashing-security"
648,"SVG Path Viewer","svg-path-viewer","SvgPathViewer","developer-tools","web-frontend-styling"
649,"Headline Analyzer","headline-analyzer","HeadlineAnalyzer","writing-tools","content-creation"
650,"Passive Voice Detector","passive-voice-detector","PassiveVoiceDetector","writing-tools","style-readability"
651,"Acronym Generator","acronym-generator","AcronymGenerator","writing-tools","text-formatting-utilities"
652,"Find & Replace in Text","word-replacer","WordReplacer","writing-tools","text-formatting-utilities"
653,"Sentence Length Analyzer","sentence-analyzer","SentenceAnalyzer","writing-tools","style-readability"
654,"Cliché Detector","cliche-detector","ClicheDetector","writing-tools","style-readability"
655,"Writing Prompt Generator","writing-prompt-gen","WritingPromptGen","writing-tools","content-creation"
656,"Reading Time Calculator","reading-time-calc","ReadingTimeCalc","writing-tools","content-creation"
657,"Title Case Converter","title-case-conv","TitleCaseConv","writing-tools","text-formatting-utilities"
658,"Adverb Usage Counter","adverb-counter","AdverbCounter","writing-tools","text-formatting-utilities"
659,"Transition Word Suggester","transition-suggester","TransitionSuggester","writing-tools","text-formatting-utilities"
660,"Email Subject Scorer","email-subject-scorer","EmailSubjectScorer","marketing-tools","branding-social-marketing"
661,"Landing Page Checklist","landing-page-checklist","LandingPageChecklist","marketing-tools","branding-social-marketing"
662,"Customer Persona Builder","persona-builder","PersonaBuilder","marketing-tools","branding-social-marketing"
663,"Press Release Template","press-release-template","PressReleaseTemplate","marketing-tools","branding-social-marketing"
664,"Marketing Funnel Calculator","funnel-calculator","FunnelCalculator","marketing-tools","campaign-tracking-advertising"
665,"Brand Name Scorer","brand-name-scorer","BrandNameScorer","marketing-tools","branding-social-marketing"
666,"Cost Per Lead Calculator","cost-per-lead-calc","CostPerLeadCalc","marketing-tools","branding-social-marketing"
667,"Competitive Analysis Tool","competitive-analysis","CompetitiveAnalysis","marketing-tools","branding-social-marketing"
668,"Meeting Notes Template","meeting-notes-tmpl","MeetingNotesTmpl","productivity-tools","workflow-randomizers-utilities"
669,"Milestone Tracker","milestone-tracker","MilestoneTracker","productivity-tools","workflow-randomizers-utilities"
670,"SMART Goal Setter","smart-goal-setter","SmartGoalSetter","productivity-tools","planning-goal-tracking"
671,"Simple Kanban Board","kanban-board","KanbanBoard","productivity-tools","planning-goal-tracking"
672,"Weekly Review Template","weekly-review-tmpl","WeeklyReviewTmpl","productivity-tools","planning-goal-tracking"
673,"Focus Session Logger","focus-logger","FocusLogger","productivity-tools","time-focus-management"
674,"Task Batching Scheduler","batch-scheduler","BatchScheduler","productivity-tools","workflow-randomizers-utilities"
675,"Parking Lot Ideas Board","parking-lot","ParkingLot","productivity-tools","workflow-randomizers-utilities"
676,"Capital Gains Tax Calculator","capital-gains-calc","CapitalGainsCalc","finance-tools","loan-debt"
677,"Car Loan Calculator","car-loan-calc","CarLoanCalc","finance-tools","loan-debt"
678,"Rent Affordability Calculator","rent-afford-calc","RentAffordCalc","finance-tools","loan-debt"
679,"Tax Bracket Calculator","tax-bracket-calc","TaxBracketCalc","finance-tools","loan-debt"
680,"Stock Return Calculator","stock-return-calc","StockReturnCalc","finance-tools","loan-debt"
681,"Paycheck Calculator","paycheck-calc","PaycheckCalc","finance-tools","loan-debt"
682,"Bond Yield Calculator","bond-yield-calc","BondYieldCalc","finance-tools","loan-debt"
683,"Expense Ratio Impact","expense-ratio-calc","ExpenseRatioCalc","finance-tools","loan-debt"
684,"Savings Interest Comparison","savings-comparison","SavingsComparison","finance-tools","loan-debt"
685,"Emergency Fund Timeline","emergency-timeline","EmergencyTimeline","finance-tools","loan-debt"
686,"Waist-Hip Ratio Calculator","waist-hip-calc","WaistHipCalc","health-wellness-tools","wellness-routine-planning"
687,"Blood Pressure Log","bp-tracker","BpTracker","health-wellness-tools","wellness-routine-planning"
688,"Hydration Goal Calculator","hydration-calc","HydrationCalc","health-wellness-tools","wellness-routine-planning"
689,"Medication Organizer","medication-organizer","MedicationOrganizer","health-wellness-tools","wellness-routine-planning"
690,"Hearing Frequency Test","hearing-test","HearingTest","health-wellness-tools","wellness-routine-planning"
691,"Screen Break Timer (20-20-20)","eye-break-timer","EyeBreakTimer","health-wellness-tools","wellness-routine-planning"
692,"Blood Alcohol Estimator","bac-estimator","BacEstimator","health-wellness-tools","wellness-routine-planning"
693,"Pregnancy Weight Tracker","pregnancy-weight","PregnancyWeight","health-wellness-tools","health-monitoring-tracking"
694,"Status Report Generator","status-report-gen","StatusReportGen","office-tools","business-communications-forms"
695,"Appreciation Message Generator","appreciation-gen","AppreciationGen","office-tools","business-communications-forms"
696,"Meeting Poll Creator","meeting-poll","MeetingPoll","office-tools","meeting-productivity-tools"
697,"Office Supply Checklist","supply-checklist","SupplyChecklist","office-tools","office-checklists-management"
698,"Work Anniversary Calculator","anniversary-calc","AnniversaryCalc","office-tools","workplace-compensation-payroll"
699,"Standup Meeting Template","standup-template","StandupTemplate","office-tools","meeting-productivity-tools"
700,"Delegation Matrix","delegation-matrix","DelegationMatrix","office-tools","office-checklists-management"
701,"Ergonomics Checklist","ergonomics-checklist","ErgonomicsChecklist","office-tools","office-checklists-management"
702,"Spacing Scale Generator","spacing-scale-gen","SpacingScaleGen","design-tools","typography-layout"
703,"Tint & Shade Generator","tint-shade-gen","TintShadeGen","design-tools","typography-layout"
704,"Grid System Calculator","grid-calc","GridCalc","design-tools","typography-layout"
705,"Icon Size Reference","icon-size-ref","IconSizeRef","design-tools","typography-layout"
706,"Button Size Calculator","button-size-calc","ButtonSizeCalc","design-tools","typography-layout"
707,"Color Name Finder","color-name-finder","ColorNameFinder","design-tools","typography-layout"
708,"Glassmorphism CSS Generator","glassmorphism-gen","GlassmorphismGen","design-tools","typography-layout"
709,"Neumorphism CSS Generator","neumorphism-gen","NeumorphismGen","design-tools","typography-layout"
710,"Bibliography Formatter","bibliography-fmt","BibliographyFmt","student-tools","assignments-writing-prep"
711,"Study Timer","study-timer","StudyTimer","student-tools","study-learning-management"
712,"Thesis Statement Helper","thesis-helper","ThesisHelper","student-tools","assignments-writing-prep"
713,"Cornell Notes Template","cornell-notes","CornellNotes","student-tools","study-learning-management"
714,"Research Question Generator","research-question-gen","ResearchQuestionGen","student-tools","study-learning-management"
715,"Math Formula Reference","math-formula-ref","MathFormulaRef","student-tools","study-learning-management"
716,"Unit Circle Reference","unit-circle-ref","UnitCircleRef","student-tools","study-learning-management"
717,"Periodic Table Lookup","periodic-table","PeriodicTable","student-tools","study-learning-management"
718,"Warranty Tracker","warranty-tracker","WarrantyTracker","shopping-tools","budgeting-shopping-planners"
719,"Product Comparison Matrix","comparison-matrix","ComparisonMatrix","shopping-tools","budgeting-shopping-planners"
720,"Subscription Calculator","subscription-calc","SubscriptionCalc","shopping-tools","budgeting-shopping-planners"
721,"Cashback Calculator","cashback-calc","CashbackCalc","shopping-tools","discounts-savings-calculators"
722,"Price Per Weight Calculator","price-per-weight","PricePerWeight","shopping-tools","budgeting-shopping-planners"
723,"Matrix Calculator","matrix-calc","MatrixCalc","math-unit-tools","unit-converters"
724,"Logarithm Calculator","log-calculator","LogCalculator","math-unit-tools","unit-converters"
725,"Prime Factorization","prime-factor","PrimeFactor","math-unit-tools","unit-converters"
726,"Fibonacci Generator","fibonacci-gen","FibonacciGen","math-unit-tools","unit-converters"
727,"Binary Arithmetic","binary-calc","BinaryCalc","math-unit-tools","unit-converters"
728,"Roman Numeral Converter","roman-converter","RomanConverter","math-unit-tools","unit-converters"
729,"Scientific Calculator","sci-calculator","SciCalculator","math-unit-tools","unit-converters"
730,"Number to Words","number-to-words","NumberToWords","math-unit-tools","unit-converters"
731,"Age Calculator","age-calculator","AgeCalculator","lifestyle-travel-tools","trip-travel"
732,"Baby Name Generator","baby-name-gen","BabyNameGen","lifestyle-travel-tools","trip-travel"
733,"Screen Time Calculator","screen-time-calc","ScreenTimeCalc","lifestyle-travel-tools","trip-travel"
734,"Bucket List Generator","bucket-list-gen","BucketListGen","lifestyle-travel-tools","trip-travel"
735,"Time Until Calculator","time-until-calc","TimeUntilCalc","lifestyle-travel-tools","trip-travel"
736,"Name Day Finder","name-day-finder","NameDayFinder","lifestyle-travel-tools","trip-travel"
737,"Pet Adoption Readiness","pet-adoption-readiness","PetAdoptionReadiness","lifestyle-travel-tools","trip-travel"
738,"Password Entropy Calculator","password-entropy","PasswordEntropy","security-tools","password-credential-generators"
739,"TOTP Code Generator","totp-generator","TotpGenerator","security-tools","security-auditing-checks"
740,"Breach Response Checklist","breach-checklist","BreachChecklist","security-tools","security-auditing-checks"
741,"Encryption Key Generator","encryption-key-gen","EncryptionKeyGen","security-tools","cryptographic-hashing-ciphers"
742,"Security Headers Checklist","security-headers","SecurityHeaders","security-tools","security-auditing-checks"
743,"ROI Calculator","roi-calculator","RoiCalculator","business-tools","pricing-costing"
744,"Burn Rate Calculator","burn-rate-calc","BurnRateCalc","business-tools","pricing-costing"
745,"Pricing Strategy Calculator","pricing-strategy","PricingStrategy","business-tools","pricing-costing"
746,"Business Name Generator","biz-name-gen","BizNameGen","business-tools","pricing-costing"
747,"Elevator Pitch Builder","elevator-pitch-builder","ElevatorPitchBuilder","business-tools","pricing-costing"
748,"SWOT Analysis Template","swot-template","SwotTemplate","business-tools","pricing-costing"
749,"Unit Economics Calculator","unit-economics-calc","UnitEconomicsCalc","business-tools","pricing-costing"
750,"Business Model Canvas","bmc-generator","BmcGenerator","business-tools","pricing-costing"
751,"Quick Calorie Counter","calorie-counter","CalorieCounter","food-nutrition-tools","nutrition-meal-planning"
752,"Coffee Brew Ratio Calculator","coffee-ratio","CoffeeRatio","food-nutrition-tools","kitchen-conversions-guides"
753,"Food Storage Guide","food-storage","FoodStorage","food-nutrition-tools","kitchen-conversions-guides"
754,"Cocktail Recipe Scaler","cocktail-scaler","CocktailScaler","food-nutrition-tools","cooking-recipes"
755,"Pizza Dough Calculator","pizza-calc","PizzaCalc","food-nutrition-tools","cooking-recipes"
756,"Kitchen Conversion Chart","kitchen-chart","KitchenChart","food-nutrition-tools","kitchen-conversions-guides"
757,"Body Measurement Tracker","body-measure-tracker","BodyMeasureTracker","fitness-tools","body-energy"
758,"Workout Volume Calculator","workout-volume-calc","WorkoutVolumeCalc","fitness-tools","body-energy"
759,"Rest Timer","rest-timer","RestTimer","fitness-tools","body-energy"
760,"Protein Intake Calculator","protein-calc","ProteinCalc","fitness-tools","body-energy"
761,"Steps to Distance","step-converter","StepConverter","fitness-tools","body-energy"
762,"Acceleration Calculator","acceleration-calc","AccelerationCalc","science-measurement-tools","physics-utilities"
763,"Wave Frequency Calculator","wave-calc","WaveCalc","science-measurement-tools","physics-utilities"
764,"Kinetic Energy Calculator","kinetic-energy-calc","KineticEnergyCalc","science-measurement-tools","physics-utilities"
765,"Potential Energy Calculator","potential-energy-calc","PotentialEnergyCalc","science-measurement-tools","physics-utilities"
766,"Boyle Law Calculator","boyles-law-calc","BoylesLawCalc","science-measurement-tools","physics-utilities"
767,"Coulomb Law Calculator","coulombs-law-calc","CoulombsLawCalc","science-measurement-tools","physics-utilities"
768,"Telescope Magnification Calculator","telescope-calc","TelescopeCalc","astronomy-space-tools","space-calculators"
769,"Star Magnitude Converter","star-magnitude-conv","StarMagnitudeConv","astronomy-space-tools","space-calculators"
770,"Celestial Coordinate Converter","celestial-coord-conv","CelestialCoordConv","astronomy-space-tools","space-calculators"
771,"Map Scale Calculator","map-scale-calc","MapScaleCalc","geography-maps-tools","geographic-calculations"
772,"Elevation Gain Calculator","elevation-calc","ElevationCalc","geography-maps-tools","geographic-calculations"
773,"Great Circle Distance Calculator","great-circle-calc","GreatCircleCalc","geography-maps-tools","geographic-calculations"
774,"Staircase Calculator","staircase-calc","StaircaseCalc","construction-tools","material-estimation"
775,"Gravel Volume Calculator","gravel-calc","GravelCalc","construction-tools","material-estimation"
776,"Brick Calculator","brick-calc","BrickCalc","construction-tools","material-estimation"
777,"Gutter Size Calculator","gutter-calc","GutterCalc","home-maintenance-tools","home-projects"
778,"Fence Material Calculator","fence-calc","FenceCalc","home-maintenance-tools","home-projects"
779,"Deck Board Calculator","deck-calc","DeckCalc","home-maintenance-tools","home-projects"
780,"Power Supply Calculator","power-supply-calc","PowerSupplyCalc","electronics-tools","circuit-calculators"
781,"Speaker Impedance Calculator","speaker-impedance-calc","SpeakerImpedanceCalc","electronics-tools","circuit-calculators"
782,"555 Timer Calculator","timer-555-calc","Timer555Calc","electronics-tools","circuit-calculators"
783,"Compost Ratio Calculator","compost-calc","CompostCalc","gardening-tools","plant-care"
784,"Plant Spacing Calculator","plant-spacing","PlantSpacing","gardening-tools","plant-care"
785,"Mulch Volume Calculator","mulch-calc","MulchCalc","gardening-tools","plant-care"
786,"Room Lighting Calculator","room-lighting-calc","RoomLightingCalc","interior-design-tools","room-planning"
787,"Tile Layout Calculator","tile-calc","TileCalc","interior-design-tools","room-planning"
788,"Paint Color Mixer","paint-mixer","PaintMixer","interior-design-tools","room-planning"
789,"Cross Stitch Calculator","cross-stitch-calc","CrossStitchCalc","sewing-crafts-tools","fabric-measurement"
790,"Candle Wax Calculator","candle-calc","CandleCalc","sewing-crafts-tools","fabric-measurement"
791,"Resin Volume Calculator","resin-calc","ResinCalc","sewing-crafts-tools","fabric-measurement"
792,"Diaper Budget Calculator","diaper-calc","DiaperCalc","parenting-tools","baby-planning"
793,"Child Height Predictor","height-predictor","HeightPredictor","parenting-tools","baby-planning"
794,"Allowance Calculator","allowance-calc","AllowanceCalc","parenting-tools","baby-planning"
795,"School Supply Checklist","school-supply-list","SchoolSupplyList","parenting-tools","baby-planning"
796,"Event Timeline Planner","event-timeline","EventTimeline","events-tools","party-planning"
797,"Playlist Duration Calculator","playlist-calc","PlaylistCalc","events-tools","party-planning"
798,"Decoration Budget Calculator","decoration-calc","DecorationCalc","events-tools","party-planning"
799,"UV Index Guide","uv-guide","UvGuide","weather-tools","weather-planning"
800,"Weather Clothing Advisor","clothing-advisor","ClothingAdvisor","weather-tools","weather-planning"
801,"Extra Mortgage Payment Calculator","extra-mortgage-calc","ExtraMortgageCalc","real-estate-tools","mortgage-financing-equity"
802,"Property ROI Calculator","property-roi","PropertyRoi","real-estate-tools","rental-cashflow-landlord"
803,"Square Footage Calculator","sqft-calculator","SqftCalculator","real-estate-tools","property-valuation-roi"
804,"Auto Insurance Comparison","auto-insurance-comp","AutoInsuranceComp","insurance-tools","property-auto-coverage"
805,"Disability Insurance Calculator","disability-insurance","DisabilityInsurance","insurance-tools","life-health-disability-needs"
806,"FIRE Number Calculator","fire-number-calc","FireNumberCalc","retirement-planning-tools","retirement-milestones-fire"
807,"IRA Contribution Calculator","ira-contrib-calc","IraContribCalc","retirement-planning-tools","savings-401k-contributions"
808,"Retirement Income Planner","retirement-income","RetirementIncome","retirement-planning-tools","social-security-pension-benefits"
809,"Fuel Trip Calculator","fuel-trip-calc","FuelTripCalc","automotive-tools","vehicle-costs"
810,"Car vs Ride Share Calculator","car-vs-rideshare","CarVsRideshare","automotive-tools","vehicle-costs"
811,"Oil Change Scheduler","oil-change-sched","OilChangeSched","automotive-tools","vehicle-costs"
812,"Email Follow-Up Generator","email-followup-gen","EmailFollowupGen","communication-tools","message-utilities"
813,"Thank You Note Generator","thanks-note-gen","ThanksNoteGen","communication-tools","message-utilities"
814,"Apology Email Template","apology-template","ApologyTemplate","communication-tools","message-utilities"
815,"Feedback Request Template","feedback-request-tmpl","FeedbackRequestTmpl","communication-tools","message-utilities"
816,"Pet Weight Tracker","pet-weight-tracker","PetWeightTracker","pet-care-tools","pet-planning"
817,"Dog Walking Scheduler","dog-walk-sched","DogWalkSched","pet-care-tools","pet-planning"
818,"Pet Birthday Calculator","pet-birthday-calc","PetBirthdayCalc","pet-care-tools","pet-planning"
819,"Pet First Aid Checklist","pet-first-aid","PetFirstAid","pet-care-tools","pet-planning"
820,"Fishing Line Guide","fishing-line-guide","FishingLineGuide","outdoor-tools","trip-prep"
821,"Sunrise/Sunset Calculator","sunrise-calc","SunriseCalc","outdoor-tools","trip-prep"
822,"Wind Speed Converter","windspeed-converter","WindspeedConverter","outdoor-tools","trip-prep"
823,"Audio Bitrate Calculator","audio-bitrate-calc","AudioBitrateCalc","audio-sound-tools","audio-utilities"
824,"Speaker Placement Calculator","speaker-placement","SpeakerPlacement","audio-sound-tools","audio-utilities"
825,"Noise Reduction Calculator","noise-reduction-calc","NoiseReductionCalc","audio-sound-tools","audio-utilities"
826,"Sound Delay Calculator","sound-delay-calc","SoundDelayCalc","audio-sound-tools","audio-utilities"
827,"Grocery Unit Price Compare","grocery-price-comp","GroceryPriceComp","household-tools","cleaning-schedules"
828,"Home Maintenance Budget","home-maint-budget","HomeMaintBudget","household-tools","cleaning-schedules"
829,"Utility Cost Splitter","utility-splitter","UtilitySplitter","household-tools","cleaning-schedules"
830,"Environment Variable Validator","env-validator","EnvValidator","developer-tools","network-api-data-inspection"
831,"Semantic Version Bumper","semantic-version-bump","SemanticVersionBump","developer-tools","code-formatting-transform"
832,"Crontab Expression Generator","crontab-generator","CrontabGenerator","developer-tools","network-api-data-inspection"
833,"Docker Run Command Builder","docker-run-builder","DockerRunBuilder","developer-tools","network-api-data-inspection"
834,"NPM Script Builder","npm-script-builder","NpmScriptBuilder","developer-tools","network-api-data-inspection"
835,"HTTP Status Code Quick Reference","http-status-lookup","HttpStatusLookup","developer-tools","network-api-data-inspection"
836,"CSS Gradient Generator","css-gradient-gen","CssGradientGen","developer-tools","web-frontend-styling"
837,"CSS Box Shadow Generator","box-shadow-gen","BoxShadowGen","developer-tools","web-frontend-styling"
838,"Developer Color Palette Export Tool","color-palette-gen","ColorPaletteGen","developer-tools","web-frontend-styling"
839,"Alliteration Finder","alliteration-finder","AlliterationFinder","writing-tools","text-formatting-utilities"
840,"Paragraph Counter","paragraph-counter","ParagraphCounter","writing-tools","text-formatting-utilities"
841,"Dialogue Formatter","dialogue-formatter","DialogueFormatter","writing-tools","text-formatting-utilities"
842,"Word Repetition Finder","repetition-finder","RepetitionFinder","writing-tools","text-formatting-utilities"
843,"Text Reverser","text-reverser","TextReverser","writing-tools","text-formatting-utilities"
844,"GCD & LCM Calculator","gcd-lcm-calculator","GcdLcmCalculator","math-unit-tools","unit-converters"
845,"Permutation Calculator","permutation-calculator","PermutationCalculator","math-unit-tools","unit-converters"
846,"Combination Calculator","combination-calculator","CombinationCalculator","math-unit-tools","unit-converters"
847,"Quadratic Equation Solver","quadratic-solver","QuadraticSolver","math-unit-tools","unit-converters"
848,"MAD Calculator","mean-absolute-deviation","MeanAbsoluteDeviation","math-unit-tools","unit-converters"
849,"Standard Deviation Calculator","standard-deviation-calc","StandardDeviationCalc","math-unit-tools","unit-converters"
850,"Fraction Simplifier","fraction-simplifier","FractionSimplifier","math-unit-tools","unit-converters"
851,"Exponent Calculator","exponent-calculator","ExponentCalculator","math-unit-tools","unit-converters"
852,"Daily Compound Interest","compound-interest-daily","CompoundInterestDaily","finance-tools","loan-debt"
853,"Lease vs Buy Comparator","lease-vs-buy","LeaseVsBuy","finance-tools","loan-debt"
854,"Salary to Hourly Converter","salary-to-hourly","SalaryToHourly","finance-tools","loan-debt"
855,"Inflation Calculator","inflation-calculator","InflationCalculator","finance-tools","loan-debt"
856,"Tip & Bill Splitter","tip-splitter","TipSplitter","finance-tools","loan-debt"
857,"Investment Doubling Calculator","investment-doubling-calc","InvestmentDoublingCalc","finance-tools","loan-debt"
858,"Net Worth Tracker","net-worth-tracker","NetWorthTracker","finance-tools","loan-debt"
859,"Caffeine Intake Tracker","caffeine-tracker","CaffeineTracker","health-wellness-tools","wellness-routine-planning"
860,"Posture Check Reminder","posture-reminder","PostureReminder","health-wellness-tools","wellness-routine-planning"
861,"Symptom Journal","symptom-journal","SymptomJournal","health-wellness-tools","wellness-routine-planning"
862,"Stretch Break Timer","stretch-timer","StretchTimer","health-wellness-tools","wellness-routine-planning"
863,"Water Intake Log","water-intake-log","WaterIntakeLog","health-wellness-tools","wellness-routine-planning"
864,"Density Calculator","density-calculator","DensityCalculator","science-measurement-tools","physics-utilities"
865,"Speed Distance Time Calculator","speed-distance-time","SpeedDistanceTime","science-measurement-tools","physics-utilities"
866,"Momentum Calculator","momentum-calculator","MomentumCalculator","science-measurement-tools","physics-utilities"
867,"Pressure Calculator","pressure-calculator","PressureCalculator","science-measurement-tools","physics-utilities"
868,"Border Radius Generator","border-radius-gen","BorderRadiusGen","design-tools","typography-layout"
869,"Clinical Color Vision Deficiency Simulator","color-blindness-sim","ColorBlindnessSim","design-tools","typography-layout"
870,"Image Size Reference","image-size-reference","ImageSizeReference","design-tools","typography-layout"
871,"Contrast Color Pair Generator","contrast-pair-gen","ContrastPairGen","design-tools","typography-layout"
872,"Pomodoro Counter","pomodoro-counter","PomodoroCounter","productivity-tools","time-focus-management"
873,"Decision Matrix","decision-matrix","DecisionMatrix","productivity-tools","planning-goal-tracking"
874,"5 Whys Analysis","five-why-template","FiveWhyTemplate","productivity-tools","workflow-randomizers-utilities"
875,"SWOT Analyzer","swot-analyzer","SwotAnalyzer","productivity-tools","planning-goal-tracking"
876,"Project Status Generator","project-status-gen","ProjectStatusGen","productivity-tools","planning-goal-tracking"
877,"Priority Ranker","priority-ranker","PriorityRanker","productivity-tools","planning-goal-tracking"
878,"Break-Even Analyzer","break-even-analyzer","BreakEvenAnalyzer","business-tools","pricing-costing"
879,"Cash Flow Forecast","cash-flow-forecast","CashFlowForecast","business-tools","pricing-costing"
880,"Customer Lifetime Value","customer-lifetime-calc","CustomerLifetimeCalc","business-tools","pricing-costing"
881,"Startup Runway Calculator","runway-calculator","RunwayCalculator","business-tools","pricing-costing"
882,"Meal Prep Portion Calculator","meal-prep-calc","MealPrepCalc","food-nutrition-tools","nutrition-meal-planning"
883,"Cooking Temperature Guide","cooking-temp-guide","CookingTempGuide","food-nutrition-tools","kitchen-conversions-guides"
884,"Serving Size Calculator","serving-size-calc","ServingSizeCalc","food-nutrition-tools","kitchen-conversions-guides"
885,"Spice Substitution Guide","spice-substitution","SpiceSubstitution","food-nutrition-tools","cooking-recipes"
886,"Freezer Storage Time Guide","freezer-time-guide","FreezerTimeGuide","food-nutrition-tools","kitchen-conversions-guides"
887,"Image Resize Calculator","image-resize-calc","ImageResizeCalc","image-tools","image-editing-effects"
888,"Pixel Density Calculator","pixel-density-calc","PixelDensityCalc","image-tools","image-analysis-ocr"
889,"Photo File Size Estimator","photo-file-size-est","PhotoFileSizeEst","image-tools","image-analysis-ocr"
890,"Crop Ratio Tool","crop-ratio-tool","CropRatioTool","image-tools","image-editing-effects"
891,"Image Grid Calculator","image-grid-calc","ImageGridCalc","image-tools","image-editing-effects"
892,"Running Pace Calculator","running-pace-calc","RunningPaceCalc","sports-tools","performance-tracking"
893,"Calorie Burn Calculator","calorie-burn-calc","CalorieBurnCalc","sports-tools","performance-tracking"
894,"One Rep Max Calculator","rep-max-calculator","RepMaxCalculator","sports-tools","performance-tracking"
895,"Split Time Calculator","split-time-calc","SplitTimeCalc","sports-tools","performance-tracking"
896,"Training Volume Tracker","training-volume-tracker","TrainingVolumeTracker","sports-tools","performance-tracking"
897,"Noise Color Generator","noise-color-gen","NoiseColorGen","audio-sound-tools","audio-utilities"
898,"Metronome","metronome-tool","MetronomeTool","music-tools","music-theory"
899,"BPM Tap Tempo","bpm-tapper","BpmTapper","music-tools","music-theory"
900,"Note Frequency Calculator","note-freq-calc","NoteFreqCalc","music-tools","music-theory"
901,"Key Signature Reference","key-signature-ref","KeySignatureRef","music-tools","music-theory"
902,"Stopwatch","stopwatch-tool","StopwatchTool","productivity-tools","time-focus-management"
903,"Event RSVP Tracker","event-rsvp-tracker","EventRsvpTracker","events-tools","party-planning"
904,"Exposure Calculator","photography-exposure-calc","PhotographyExposureCalc","photography-tools","camera-settings"
905,"Travel Sunset & Sunrise Planner","golden-hour-calc","GoldenHourCalc","photography-tools","camera-settings"
906,"Macro & Portrait DoF Simulator","dof-calculator","DofCalculator","photography-tools","camera-settings"
907,"Photo Print Size Guide","photo-print-size","PhotoPrintSize","photography-tools","camera-settings"
908,"Whiteboard Notes","whiteboard-notes","WhiteboardNotes","office-tools","meeting-productivity-tools"
909,"Tab Group Manager","tab-manager","TabManager","productivity-tools","workflow-randomizers-utilities"
910,"Invoice Number Generator","invoice-number-gen","InvoiceNumberGen","freelance-tools","invoicing-payment-contracts"
911,"Freelance Income Tax Estimator","freelance-income-tax","FreelanceIncomeTax","freelance-tools","freelance-tax-finances"
912,"Domain Name Generator","domain-name-gen","DomainNameGen","ecommerce-tools","inventory-store-operations"
913,"Product Margin Calculator","product-margin-calc","ProductMarginCalc","ecommerce-tools","product-pricing-profitability"
914,"Travel Carbon Calculator","carbon-travel-calc","CarbonTravelCalc","sustainability-tools","eco-lifestyle-offsets"
915,"BMI Percentile Calculator","bmi-percentile","BmiPercentile","health-wellness-tools","body-metrics-health"
916,"Macro Calculator","macro-calc","MacroCalc2","fitness-tools","body-energy"
917,"Countdown to Date","countdown-to-date","CountdownToDate","productivity-tools","time-focus-management"
918,"Character Counter","character-counter","CharacterCounter","writing-tools","text-formatting-utilities"
919,"Flip Clock","flip-clock","FlipClock","lifestyle-travel-tools","trip-travel"
920,"Random Number Generator","random-number-gen","RandomNumberGen","math-unit-tools","unit-converters"
921,"Yes/No Decision Wheel","yes-no-wheel","YesNoWheel","lifestyle-travel-tools","trip-travel"
922,"Random Color Generator","random-color-gen","RandomColorGen","design-tools","typography-layout"
923,"Morse Code Translator","morse-code-translator","MorseCodeTranslator","language-tools","vocabulary-building"
924,"NATO Alphabet Converter","nato-alphabet","NatoAlphabet","language-tools","vocabulary-building"
925,"Editorial Dummy Copy & Paragraph Builder","lorem-ipsum-gen","LoremIpsumGen","developer-tools","data-generators-mocks"
926,"Pig Latin Converter","pig-latin-converter","PigLatinConverter","language-tools","vocabulary-building"
927,"Text to Binary Converter","text-to-binary","TextToBinary","language-tools","vocabulary-building"
928,"Upside Down Text","upside-down-text","UpsideDownText","language-tools","vocabulary-building"
929,"Text to Hex Converter","text-to-hex","TextToHex","language-tools","vocabulary-building"
930,"Backwards Text Generator","backwards-text","BackwardsText","language-tools","vocabulary-building"
931,"Data Wipe Checklist","data-wipe-checklist","DataWipeChecklist","privacy-tools","privacy-checklists"
932,"Privacy Settings Audit","privacy-settings-audit","PrivacySettingsAudit","privacy-tools","privacy-checklists"
933,"Disposable Email Info","disposable-email-info","DisposableEmailInfo","privacy-tools","privacy-checklists"
934,"Cookie Consent Info","cookie-scanner-info","CookieScannerInfo","privacy-tools","privacy-checklists"
935,"Social Media Cleanup Guide","social-media-cleanup","SocialMediaCleanup","privacy-tools","privacy-checklists"
936,"Menstrual Cycle Calculator","menstrual-cycle-calc","MenstrualCycleCalc","women-tools","cycle-pregnancy"
937,"Pregnancy Due Date Calculator","pregnancy-due-date","PregnancyDueDate","women-tools","cycle-pregnancy"
938,"Bra Size Converter","bra-size-converter","BraSizeConverter","women-tools","cycle-pregnancy"
939,"Skin Type Quiz","skin-type-quiz","SkinTypeQuiz","women-tools","cycle-pregnancy"
940,"Ring Size Converter","ring-size-converter","RingSizeConverter","women-tools","cycle-pregnancy"
941,"Salary Negotiation Prep","salary-negotiation-prep","SalaryNegotiationPrep","career-tools","career-planning-prep"
942,"Resume Keyword Checker","resume-keyword-checker","ResumeKeywordChecker","career-tools","resume-cv"
943,"Interview Prep Generator","interview-prep-gen","InterviewPrepGen","career-tools","career-planning-prep"
944,"LinkedIn Headline Generator","linkedin-headline-gen","LinkedinHeadlineGen","career-tools","job-applications"
945,"Work Reference Template","work-reference-template","WorkReferenceTemplate","career-tools","job-applications"
946,"WCAG Contrast Checker","wcag-contrast-checker","WcagContrastChecker","accessibility-tools","visual-accessibility"
947,"ARIA Role Reference","aria-role-reference","AriaRoleReference","accessibility-tools","visual-accessibility"
948,"Alt Text Suggestion Tool","alt-text-generator","AltTextGenerator","accessibility-tools","visual-accessibility"
949,"Heading Structure Checker","heading-structure-checker","HeadingStructureChecker","accessibility-tools","visual-accessibility"
950,"Focus Order Planner","focus-order-tester","FocusOrderTester","accessibility-tools","visual-accessibility"
951,"Advanced Password Generator","password-gen-advanced","PasswordGenAdvanced","security-tools","password-credential-generators"
952,"Data URI Maker","data-uri-maker","DataUriMaker","developer-tools","code-formatting-transform"
953,"SVG to CSS Background","svg-to-css","SvgToCss","developer-tools","web-frontend-styling"
954,"Font Stack Builder","font-stack-builder","FontStackBuilder","developer-tools","code-formatting-transform"
955,"Email Signature Generator","email-signature-gen","EmailSignatureGen","communication-tools","message-utilities"
956,"Debate Timer","debate-timer","DebateTimer","education-tools","academic-study-aids"
957,"Vocabulary Quiz Maker","vocabulary-quiz-maker","VocabularyQuizMaker","education-tools","academic-study-aids"
958,"Grade Boundary Calculator","grade-boundary-calc","GradeBoundaryCalc","education-tools","academic-study-aids"
959,"Attendance Tracker","attendance-tracker","AttendanceTracker","education-tools","classroom-management-attendance"
960,"Study Schedule Generator","study-schedule-gen","StudyScheduleGen","student-tools","study-learning-management"
961,"Essay Outline Generator","essay-outline-gen","EssayOutlineGen","student-tools","assignments-writing-prep"
962,"Citation Counter","citation-counter","CitationCounter","student-tools","assignments-writing-prep"
963,"Lab Report Template","lab-report-template","LabReportTemplate","student-tools","study-learning-management"
964,"Book Reading Tracker","book-tracker","BookTracker","student-tools","study-learning-management"
965,"Venue Comparator","venue-comparator","VenueComparator","events-tools","party-planning"
966,"Party Buffet & Food Quantity Calculator","catering-calc","CateringCalc","events-tools","party-planning"
967,"Donation Receipt Generator","donation-receipt-gen","DonationReceiptGen","volunteer-tools","fundraising-campaign-donations"
968,"NGO Budget Planner","ngo-budget-planner","NgoBudgetPlanner","volunteer-tools","fundraising-campaign-donations"
969,"Crypto Portfolio Tracker","crypto-portfolio-tracker","CryptoPortfolioTracker","crypto-blockchain-tools","staking-yield-mining-returns"
970,"Blockchain Fee Comparator","blockchain-fee-compare","BlockchainFeeCompare","crypto-blockchain-tools","staking-yield-mining-returns"
971,"Soil pH Guide","soil-ph-guide","SoilPhGuide","agriculture-tools","fertilizer-npk-soil-amendments"
972,"Weather Crop Advisor","weather-crop-advisor","WeatherCropAdvisor","agriculture-tools","crop-yield-seeding-rates"
973,"Print File Checklist","print-file-checklist","PrintFileChecklist","printing-tools","paper-weight-ink-coverage"
974,"Binding Type Guide","binding-type-guide","BindingTypeGuide","printing-tools","paper-weight-ink-coverage"
975,"Mobility Self-Assessment","mobility-assessment","MobilityAssessment","elderly-care-tools","home-safety-fall-risk"
976,"Memorial Event Planner","memorial-planner","MemorialPlanner","elderly-care-tools","home-safety-fall-risk"
977,"Recipe Unit Converter","recipe-unit-converter","RecipeUnitConverter","baking-tools","ingredient-weight-substitutions"
978,"Dough Hydration Calculator","dough-hydration-calc","DoughHydrationCalc","baking-tools","recipe-scaling-bakers-math"
979,"Game Score Counter","game-score-counter","GameScoreCounter","gaming-tools","boardgame-scorekeeping-tournaments"
980,"RPG Stat Generator","rpg-stat-gen","RpgStatGen","gaming-tools","ttrpg-character-combat"
981,"Passport Validity Checker","passport-validity-check","PassportValidityCheck","travel-planning-tools","itinerary-trip-budgets"
982,"Jet Lag Calculator","jet-lag-calc","JetLagCalc","travel-planning-tools","timezone-currency-flight-planning"
983,"Mole Ratio Calculator","mole-ratio-calc","MoleRatioCalc","chemistry-tools","molecular-molar-calculations"
984,"Reaction Balancer Helper","reaction-balancer","ReactionBalancer","chemistry-tools","molecular-molar-calculations"
985,"Employee Satisfaction Survey","employee-satisfaction","EmployeeSatisfaction","hr-tools","recruitment-interview-scorecards"
986,"Diversity Metrics Tracker","diversity-tracker","DiversityTracker","hr-tools","recruitment-interview-scorecards"
987,"Post Scheduling Planner","social-post-scheduler","SocialPostScheduler","social-media-tools","content-scheduling-planners"
988,"Viral Potential Scorer","viral-potential-scorer","ViralPotentialScorer","social-media-tools","captions-hashtag-generation"
989,"Data Pivot Table","data-pivot-table","DataPivotTable","data-tools","statistics-correlation-analysis"
990,"Histogram Maker","histogram-maker","HistogramMaker","data-tools","statistics-correlation-analysis"
991,"Product Bundle Calculator","product-bundle-calc","ProductBundleCalc","ecommerce-tools","product-pricing-profitability"
992,"Carbon Label Generator","carbon-label-gen","CarbonLabelGen","sustainability-tools","eco-lifestyle-offsets"
993,"Speaker Introduction Generator","speaker-intro-gen","SpeakerIntroGen","presentation-tools","presentation-design-qa"
994,"Meeting Agenda Timer","meeting-agenda-timer","MeetingAgendaTimer","presentation-tools","speech-timing-pacing"
995,"Smart Home Setup Checklist","smart-home-checklist","SmartHomeChecklist","home-maintenance-tools","home-projects"
996,"Markdown Preview","markdown-preview","MarkdownPreview","developer-tools","web-frontend-styling"
997,"Inline Text & Prose Diff Checker","text-diff-checker","TextDiffChecker","developer-tools","regex-text-developer-tools"
998,"HEX to RGB Converter","hex-to-rgb-converter","HexToRgbConverter","developer-tools","web-frontend-styling"
999,"RGB to HEX Converter","rgb-to-hex-converter","RgbToHexConverter","developer-tools","web-frontend-styling"
1000,"Pixels to REM Converter","px-to-rem-converter","PxToRemConverter","developer-tools","web-frontend-styling"
1001,"A/B Test Sample Size Calculator","ab-test-sample-calc","AbTestSampleCalcTool","marketing-tools","campaign-tracking-advertising"
1002,"PII & Confidential Text Redactor","pii-text-redactor","PiiTextRedactorTool","security-tools","security-auditing-checks"
1003,"SLA Uptime & Downtime Calculator","sla-uptime-calc","SlaUptimeCalcTool","networking-tools","bandwidth-latency-transfer"
1004,"PDF Bates Numbering Stamper","pdf-bates-stamper","PdfBatesStamperTool","pdf-tools","pdf-management"
1005,"RICE Feature Prioritization Calculator","rice-prioritization-calc","RicePrioritizationCalcTool","business-tools","operations-planning"
1006,"LLM GPU VRAM Memory Estimator","llm-vram-estimator","LlmVramEstimatorTool","developer-tools","network-api-data-inspection"
1007,"Crosswind & Headwind Runway Calculator","crosswind-headwind-calc","CrosswindHeadwindCalcTool","lifestyle-travel-tools","trip-travel"
1008,"Density Altitude & Pressure Altitude Calculator","density-altitude-calc","DensityAltitudeCalcTool","science-measurement-tools","physics-utilities"
1009,"Beam Bending Moment & Deflection Calculator","beam-deflection-calc","BeamDeflectionCalcTool","construction-tools","project-calculations"
1010,"DCF Enterprise Valuation Modeler","dcf-valuation-calc","DcfValuationCalcTool","finance-tools","investment-savings"
1011,"eGFR & Creatinine Clearance Calculator","egfr-creatinine-calc","EgfrCreatinineCalcTool","health-wellness-tools","body-metrics-health"
1012,"Pediatric Medication Dosage Calculator","pediatric-dosage-calc","PediatricDosageCalcTool","health-wellness-tools","health-monitoring-tracking"
1013,"Local Anesthetic Safe Cartridge Calculator","local-anesthetic-calc","LocalAnestheticCalcTool","health-wellness-tools","body-metrics-health"
1014,"Veterinary Fluid Therapy Calculator","vet-fluid-therapy-calc","VetFluidTherapyCalcTool","pet-care-tools","pet-planning"
1015,"Staircase Riser & Tread Safety Calculator","stair-riser-tread-calc","StairRiserTreadCalcTool","construction-tools","project-calculations"
1016,"YouTube HD Thumbnail Extractor & Downloader","youtube-thumbnail-extractor","YouTubeThumbnailExtractorTool","social-media-tools","video-social-media"
1017,"Multi-Channel Content Repurposing Matrix","content-repurposing-matrix","ContentRepurposingMatrixTool","social-media-tools","content-generation"
1018,"Link-in-Bio Landing Page Builder","link-in-bio-builder","LinkInBioBuilderTool","social-media-tools","engagement-growth"
1019,"Reels & TikTok Hook Script Generator","reels-hook-script-generator","ReelsHookScriptGeneratorTool","social-media-tools","video-social-media"
1020,"Instagram Grid & Seamless Carousel Splitter","instagram-grid-carousel-splitter","InstagramGridCarouselSplitterTool","social-media-tools","visual-media"
1021,"SEO Keyword Intent Clustering Tool","seo-keyword-clustering-tool","SeoKeywordClusteringTool","marketing-tools","seo-tools"
1022,"Visual Robots.txt & Sitemap Directives Builder","robots-sitemap-generator","RobotsSitemapGeneratorTool","marketing-tools","seo-tools"
1023,"Google Schema JSON-LD Rich Snippet Generator","schema-json-ld-generator","SchemaJsonLdGeneratorTool","marketing-tools","seo-tools"
1024,"Open Graph & Social Share Card Previewer","opengraph-card-previewer","OpenGraphCardPreviewerTool","marketing-tools","analytics-tracking"
1025,"SEO 301 / 302 Redirect Map Builder","seo-redirect-map-builder","SeoRedirectMapBuilderTool","marketing-tools","seo-tools"
1026,"Content Editorial Matrix & Publishing Calendar","content-editorial-calendar","ContentEditorialCalendarTool","marketing-tools","content-marketing"
1027,"YouTube Video SEO & Metadata Optimizer","youtube-seo-optimizer","YouTubeSeoOptimizerTool","marketing-tools","video-marketing"
1028,"Headline A/B Power Score & CTR Tester","headline-ab-power-tester","HeadlineAbPowerTesterTool","writing-tools","copywriting-creative"
1029,"Podcast Show Notes & Chapter Formatter","podcast-show-notes-generator","PodcastShowNotesGeneratorTool","writing-tools","content-editing"
1030,"Lean Canvas 1-Page Business Model Builder","lean-canvas-business-builder","LeanCanvasBusinessBuilderTool","business-tools","business-planning"
1031,"B2B Sales Funnel Velocity Calculator","sales-funnel-velocity-calculator","SalesFunnelVelocityCalculatorTool","business-tools","sales-crm"
1032,"SaaS CAC Payback, LTV & Rule of 40 Matrix","saas-cac-payback-matrix","SaasCacPaybackMatrixTool","business-tools","financial-forecasting"
1033,"Tiered Sales Commission & Quota Accelerator Calculator","sales-commission-calculator","SalesCommissionCalculatorTool","business-tools","sales-crm"
1034,"Agency Client Retainer & Margin Calculator","agency-retainer-calculator","AgencyRetainerCalculatorTool","freelance-tools","client-pricing"
1035,"Multi-Touch Marketing Attribution & ROI Modeler","marketing-attribution-roi-model","MarketingAttributionRoiModelTool","freelance-tools","marketing-business-growth"
1036,"Agency Client Pitch & Proposal Generator","agency-pitch-proposal-generator","AgencyPitchProposalGeneratorTool","freelance-tools","proposals-contracts"
1037,"B2B Lead Scoring & Qualification Matrix","b2b-lead-scoring-matrix","B2bLeadScoringMatrixTool","business-tools","sales-crm"
1038,"Hreflang & Multi-Regional SEO Tag Generator","hreflang-tag-generator","HreflangTagGeneratorTool","marketing-tools","seo-tools"
1039,"Agency Blended Billing Rate & Capacity Utilization Calculator","agency-blended-rate-calculator","AgencyBlendedRateCalculatorTool","freelance-tools","client-pricing"
1040,"Email Deliverability & Campaign Health Diagnostic","email-deliverability-health-checker","EmailDeliverabilityHealthCheckerTool","marketing-tools","analytics-tracking"
1041,"Social Media Media Inspector & Compliance Hub","social-media-media-inspector","SocialMediaMediaInspectorTool","social-media-tools","visual-media"
1042,"SEO Content Decay & Revenue Loss Calculator","seo-content-decay-audit-calculator","SeoContentDecayAuditCalculatorTool","marketing-tools","seo-tools"
1043,"SaaS Customer Cohort Retention Calculator","saas-cohort-retention-calculator","SaasCohortRetentionCalculatorTool","business-tools","financial-forecasting"
1044,"Business Model Canvas Builder","business-model-canvas-builder","BusinessModelCanvasBuilderTool","business-tools","business-planning"
1045,"Value Proposition Canvas Mapper","value-proposition-canvas-mapper","ValuePropositionCanvasMapperTool","business-tools","business-planning"
1046,"Sales Pipeline Stage Velocity & Leakage Planner","sales-pipeline-stage-planner","SalesPipelineStagePlannerTool","business-tools","sales-crm"
1047,"Business Idea Validation Planner","business-idea-validation-planner","BusinessIdeaValidationPlannerTool","business-tools","business-planning"
1048,"Revenue Model Comparison Calculator","revenue-model-comparison-calculator","RevenueModelComparisonCalculatorTool","business-tools","financial-forecasting"
1049,"Project Scope & Fixed-Fee Pricing Estimator","project-scope-pricing-estimator","ProjectScopePricingEstimatorTool","freelance-tools","client-pricing"
1050,"Cold Email Deliverability & Volume Planner","cold-email-outreach-planner","ColdEmailOutreachPlannerTool","business-tools","sales-crm"
1051,"Technical SEO Pre-Launch Audit Checklist","technical-seo-audit-checklist","TechnicalSeoAuditChecklistTool","marketing-tools","seo-tools"
1052,"Content Brief & Editorial Spec Builder","content-brief-generator","ContentBriefGeneratorTool","marketing-tools","content-marketing"
1053,"Landing Page Conversion & CRO Audit","landing-page-audit-checklist","LandingPageAuditChecklistTool","marketing-tools","campaign-tracking-advertising"
1054,"SEO Internal Linking & Topic Cluster Architect","internal-linking-cluster-architect","InternalLinkingClusterArchitectTool","marketing-tools","seo-tools"
1055,"Marketing Campaign Budget Allocation & Blended CAC Calculator","campaign-budget-allocator","CampaignBudgetAllocatorTool","marketing-tools","campaign-tracking-advertising"
1056,"Local SEO Google Business Profile Audit Planner","local-seo-gbp-audit-planner","LocalSeoGbpAuditPlannerTool","marketing-tools","seo-tools"
1057,"Universal Social Media oEmbed Viewer & Generator","social-oembed-viewer","SocialMediaOembedViewerTool","social-media-tools","content-generation"
1058,"Short-Form Video Hook & Sound Script Planner","short-video-sound-hook-planner","ShortVideoSoundHookPlannerTool","social-media-tools","video-social-media"
1059,"Client Retainer ROI & Performance Report Generator","client-retainer-roi-report-generator","ClientRetainerRoiReportGeneratorTool","freelance-tools","proposals-contracts"